"document","SDG-07","SDG-06","SDG-03","SDG-08","SDG-13","SDG-10","SDG-05","SDG-15","SDG-02","SDG-01","SDG-04","SDG-11","SDG-14","SDG-12","SDG-16","SDG-09","SDG-17"
"1",1644,,,,,,,,,,,,,,,,
"3",1645,,,,,,,,,,,,,,,,
"6",,1157,,,,,,,,,,,,,,,
"8",1646,,,,,,,,,,,,,,,,
"14",,,257,,,,,,,,,,,,,,
"15",,,258,,,,,,,,,,,,,,
"17",,,,2321,,,,,,,,,,,,,
"22",1647,,,,3024,,,,,,,,,,,,
"28",1648,,,,,,,,,,,,,,,,
"30",1649,,,,,,,,,,,,,,,,
"31",,,,2322,,,,,,,,,,,,,
"35",,,,,3025,,,,,,,,,,,,
"36",,,,,,2613,,,,,,,,,,,
"43",,,259,,,,,,,,,,,,,,
"45",,,,,3026,,,,,,,,,,,,
"46",,,260,,,,1105,,,,,,,,,,
"47",,1158,,,3027,,,,,,,,,,,,
"50",,,,,,,1106,,,,,,,,,,
"51",1650,,,,,,,,,,,,,,,,
"53",,,261,,,,,,,,,,,,,,
"54",1651,,,,,,,,,,,,,,,,
"56",,,,,,,,3524,,,,,,,,,
"60",,,,,,,,3525,,,,,,,,,
"61",,,,,,,,,53,,,,,,,,
"64",,1159,,,,,,,,,,,,,,,
"65",,,262,,,,,,,,,,,,,,
"66",,,263,,,,,,,,,,,,,,
"68",,,,,3028,,,3526,,,,,,,,,
"69",,,,2323,3029,2614,1107,3527,,,,,,,,,
"70",1652,,,,,,,,,1,,,,,,,
"74",,,,,,,,,,,1051,,,,,,
"77",1653,,,,,,,,,,,,,,,,
"78",1654,,,,,,,,,,,,,,,,
"81",,,264,,,,,,,,,,,,,,
"83",,,,2324,,,,,,,,,,,,,
"85",,,265,,,,,,,,,,,,,,
"88",,,,,,,,,54,,,,,,,,
"90",,,266,,,,,,,,,,,,,,
"91",,,,,,,,3528,,,,,,,,,
"98",,,,,,2615,,,,,,,,,,,
"100",,,,,3030,,,,,,,,,,,,
"101",,,267,,,,,,,,,,,,,,
"102",,,,,3031,,,3529,,,,,,,,,
"110",,1160,,,,,,,,,,,,,,,
"119",,,268,,,,,,,,,,,,,,
"122",,1161,269,,,,,,,,,,,,,,
"123",1655,,,,,,,,,,,,,,,,
"126",,,,,3032,,,,,,,,,,,,
"129",1656,,,,,,,,,,,,,,,,
"130",1657,,,,3033,,,,,,,,,,,,
"132",1658,,,,,,,,,,,,,,,,
"141",,,,,3034,,,,,,,2737,,,,,
"145",,1162,,,,,,,,,,,3390,,,,
"147",,,270,,,,,,,,,,,,,,
"148",1659,,,2325,,,,,,,,,,,,,
"152",1660,,,,,,,,,2,,2738,,2872,,,
"153",,1163,,,3035,,,,,,,,,,,,
"156",,,271,,,,,,,,,,,,,,
"159",1661,,,,,,,,,,,,,,,,
"163",1662,,,,,,,,,,,,,,,,
"170",1663,,,,,,,,,,,,,,,,
"171",,,272,,,2616,,,,,,,,,,,
"172",,1164,,,3036,,,,,,,,,,,,
"176",1664,,,,,,,,,,,,,,,,
"177",,,,2326,,,1108,,,,1052,,,,3754,,
"179",1665,,,,3037,,,,,,,,,,,,
"188",1666,,,,,,,,,,,,,,,,
"190",,1165,,,3038,,,,,,,,,,,,
"192",1667,,,,,,,,,3,,,,,,,
"195",,,273,,,,,,,,,,,,,,
"201",1668,,,,,,,,,,,,,,,,
"208",,,,,,,,3530,,,1053,,,,,,
"209",,,,,,,1109,,,,,,,,,,
"212",,,,,,,,3531,,,,,,,,,
"217",1669,,,,,,,,,,,,,2873,,2523,
"218",,1166,,,3039,,,,,,,,,,,,
"219",,,274,,,,,,,,,,,,,,
"220",1670,,,,3040,,,,,,,,,,,,
"223",,,,,3041,,,,,,,,,,,,
"228",1671,,,,,,,,,,,,,,,,
"229",,,275,,3042,,,,,,,2739,,,,,
"231",,,276,,,,,,,,,,,,,,
"232",,,,,,,,,,,,,,2874,,,
"234",,,277,,,,1110,,,,,2740,,,,,
"236",,,,,,,,,,,,2741,,,,,
"238",,,278,,,,,,,,,,,,,,
"241",,1167,,,,,,,,,,,,,,,
"243",,,,,,2617,,,,,,,,,,,
"252",,1168,,,,,,,,,,,,,,,
"254",,,279,,,,,3532,,,,,,,,,
"256",,,280,,,,,,,,,,,,,,
"260",1672,,,,,,,,,,,,,,,,
"265",,,,2327,,,,,,,,,,,,,
"272",,,,,,,,,55,,,,,2875,,,
"273",,,281,,,,,,,,,,,,,,
"278",1673,,,,,,,,,,,,,,,,
"293",,,282,,,,,,,,,,,,,,
"296",,,,2328,,,,,,,,,,,,,
"301",,1169,,,,,,3533,,,,,3391,,,,
"305",,,283,,,,,,,,,,,,,,
"306",,,,,,,,3534,,,,,,,,,
"309",,,,,,,,,,,,,,2876,,,
"311",,,284,,,,,,,,,,,,,,
"322",,,,,,,,,56,,,,,,,,
"326",,1170,,,3043,,,3535,,,,,,,,,
"339",,1171,,,,,,3536,57,,,,,,,,
"342",,,,2329,,2618,,,,4,,,,,,,
"346",,,285,,,,,,,,,,,,3755,,
"347",,,,,,,,,,,,,,2877,,,
"349",1674,,,,3044,,,3537,,,,,3392,,,,
"350",1675,,,,,,,,,,,,,,,,
"351",,,286,,,,,,,,,,,,,,
"353",,,287,,,,,,,,,,,,,,
"356",,,288,,,,,,,,,,,,,,
"363",,,,,3045,,,,,,,,,,,,
"366",,,289,,,,,,,,,,,,,,
"378",,,,,3046,,,,,,,,,,,,
"380",,,290,,,,,,,,,,,,,,
"381",,,,,3047,,,,,,,,,,,,
"383",,,291,,,,,,,,,,,,,,
"388",,,,,3048,,,,,,,2742,,,,,
"390",,1172,,,,,,,,,,,,,,,
"392",,1173,,,,,,,,,,,,,,,
"393",,,292,,,2619,,,,,,,,,,,
"395",,,,,3049,,,,,,,,,,,,
"401",1676,,,,,,,,58,,,,,,,,
"405",,,,,,,,,,,,2743,,,,,
"410",,,,,3050,,,,59,,,,,,,,
"413",,,,,,,,,,,,,3393,,,,
"414",,,,,,2620,,,,,,,,,,,
"421",1677,,,,,,,,,,,,,,,,
"422",1678,,,,,,,,,,,2744,,,,,
"427",1679,,,,,,,,,,,,,,,,
"440",1680,,,,,,,,,,,,,,,,
"448",1681,,,,,,,,,,,,,,,,
"451",,,293,,,,,,,,,,,,,,
"452",,,294,,3051,,,,,,,,,,,,
"453",,,295,,,,,,,,,,,,,,
"454",,,296,,,,,,,,,,,,,,
"455",,,297,,,,,,,,,,,,,,
"456",,,298,,,,1111,,,,,,,,,,
"458",1682,,,,,,,,,,,,,,,,
"460",1683,,,,3052,,,,,,,,,,,,
"461",1684,,,,3053,,,,,,,,,,,,
"465",,,,,3054,,,,,,,2745,,,,,
"468",,1174,,,,,,,,,,,,,,,
"470",1685,,,,,,,,,5,,,,,,,
"472",,,299,,,,,,,,,,,,,,
"474",,,300,,,2621,1112,,,,,,,,,,
"475",,,301,,,,,,,,,,,,,,
"480",,,,,3055,,,,,,,,,,,,
"484",1686,,,2330,,,,,,,,,,,,,
"485",,,,,,,,,,,,,,,,2524,
"491",,,,,3056,,,,,,,,,,,,
"493",1687,,,,,,,,,,,,,,,,
"496",,,302,,,,,,,,,,,,,,
"506",1688,,,,,,,,,,,,,,,,
"508",,,303,,,,,,,,,,,,,,
"509",,,,,,,,,,,,2746,,,,,
"510",,1175,,,,,,,,,,,,,,,
"511",,,304,,,,,,,,,,,,,,
"513",,,305,,,,,,,,,,,,,,
"515",,,,,,,,,,,,,,2878,,,
"518",,,306,,,,,,,,,,,,,,
"519",,1176,,,3057,,,,60,,,,,,,,
"520",,,307,,,,,,,,,,,,,,
"521",,,,,3058,,,3538,,,,,3394,,,,
"522",,,308,,,,,,,,,,,,,,
"524",,,,2331,,,,,,,,,,,,2525,
"528",1689,,,,,,,,,,,,,,,,
"533",,,,,3059,2622,1113,,,,,2747,,,,,
"534",,,,,3060,,,,61,,,,,,,,
"541",,,309,,,,,,,,,,,,,,
"555",,,,,3061,,,,,,,,,,,,
"560",,1177,,,3062,,,,,,,,,,,,
"561",,,,,,,,,,,1054,,,,3756,,
"566",,,310,,,,,,,,,,,,,,
"569",,,,,,,,,,,,,3395,,,,
"571",1690,,,,,,,,,,,,,,,,
"573",,,311,,,,,,,,,,,,,,
"576",1691,,,,,,,,,,,,,,,,
"581",,,312,,,,,,,,,,,,,,
"583",,,313,,,,,,,,,,,,,,
"594",,1178,,,,,,,,,,,,,,,
"596",,,,,3063,,,,,,,,,,,,
"597",1692,,,,,,,,62,,,,,,,,
"598",,1179,,,,,,,,,,,,,,,
"605",,,,,,,,,,,,,3396,,,,
"614",,1180,,,,,,,,,,,,,,,
"615",,,,,3064,,,,63,,,,,,,,
"617",1693,,,,,,,,,,,,,,,,
"620",,,314,,,,,,,,,,,,,,
"627",,1181,,,3065,,,,,,,,,,,,
"629",,,,,3066,,,3539,,,,,,,,,
"630",,,,,3067,,,,,,,,3397,,,,
"634",1694,,,,,,,,,,,,,,,,
"640",,,315,,,,,,,,,,,,,,
"644",,,316,,,,,,,,,,,,,,
"646",,,317,,,,,,,,,,,,,,
"663",,,318,,,,,,,,,,,,,,
"671",,,,,,,,,,,,,,2879,,,
"676",1695,,,,,2623,,,,6,,,,,,,
"677",,,,,,,,,,,1055,,,,,,
"679",,,,,,,,,,,,,3398,,,,
"690",1696,,,,,,,,,,,,,,,,
"691",,1182,,,,,,,,,,,,,,,
"700",,,,,3068,,,3540,,,,,,,,,
"701",,,,2332,,,,,,,,,,,,,
"716",1697,,,,,,,,,,,,,,,,
"719",,1183,,,,,,,64,,,,,,,,
"722",1698,,,,,,,,,,,,,,,,
"723",,,319,,,,,,,,,,,,,,
"737",,,320,,,,,,,,,,,,,,
"738",1699,,,,,,,,,,,,,,,,
"739",,1184,,,,,,,,,,,,,,,
"743",,,,,,,,,,,,2748,,,,,
"745",,1185,,,3069,,,,65,,,,,,,,
"746",,,,,,,,,,,,,3399,,,,
"747",,,,,,,,,,7,,,,,,,
"755",,,,,,,,3541,,,,,,,,,
"761",,,,,,,,,,,,,,,,,3774
"771",,,,,,,,,,,,,,,,2526,
"773",,,,,,,,,66,,,,,,,,
"774",,1186,,,,,,,,,,,,,,,
"775",,,,,,2624,,,,,,,,,,,
"777",,,,2333,,2625,1114,,,,,,,,,,
"787",,,,,,,,,,,1056,,,,,,
"789",,1187,,,,,,,,,,,,,,,
"790",,,,,,,,,,,,2749,,,,,
"797",,,,,,,,3542,,,,,,,,,
"808",,,,,,,,,,,1057,,,,,,
"812",,,321,,,,,,,,,,,,,,
"819",,,,,,,,,,,,2750,,,,,
"824",1700,,,,,,,,,,,,,,,,
"830",,,322,,,,,,,,,,,,,,
"833",,,,,3070,,,,,,,,,,,,
"835",,1188,,,,,,,,,,,,,,,
"836",,,,,,2626,,,,,1058,,,,,,
"841",,,323,,,,,,,,,,,,,,
"842",1701,,,,,,,,,,,,,,,,
"844",,,,,3071,,,,,,,,,,,,
"848",,1189,,,,,,,,,,,,,,,
"851",,,324,2334,,2627,1115,,,,1059,,,,3757,,
"852",,,325,,,,,,,,,,,,,,
"855",,,,,,,,3543,,,,,,,,,
"857",,1190,,,,,,,,,,,,,,,
"859",,1191,,,,,,,,,,,,,,,
"860",,,326,,,,,,,,,,,,,,
"861",,,327,,,,,,,,,,,,,,
"862",1702,,,,,,,,,,,,,,,,
"865",,1192,,,,,,,,,,,,,,,
"870",,,,,3072,,,3544,,,,,,,,,
"871",1703,,,,,,,,,,,,,,,,
"872",,,,,,,,3545,,,,,,,,,
"875",,,,,,,,,,,,,3400,,,,
"879",,,,,,,,,67,,,,,,,,
"883",1704,,,,,,,,,,,,,,,,
"891",,,328,,,,,,,,,,,,,,
"902",,,329,,,,,,,,,,,,,,
"904",,,,,3073,,,,,,,,,,,,
"908",,,330,,,,,,,,,,,,,,
"910",,,,,,,,,,,,,3401,,,,
"916",,,331,,,,,,,,,,,,,,
"925",,,332,,,,,,,,,,,,,,
"928",,,,,,2628,,,,,,,,,,,
"931",,,333,,,,,,,,,,,,,,
"934",,,334,,,,,,,,,,,,,,
"935",,,,,,2629,,,,,,,,,,,
"942",,,,,3074,,,,,,,,3402,,,,
"943",,,,,,,,,,,1060,,,,,,
"945",,,335,,,,,,,,,,,,,,
"957",,,,2335,,,,,,,,,,,,,
"959",1705,,,,,,,,,,,,,,,,
"961",,,336,,,2630,,,,,,,,,,2527,
"964",,,337,,,,,,,,,,,,,,
"966",,,,,,,,,68,,,,,,,,
"975",1706,,,,,,,,,,,,,,,,
"979",,,338,,,,,,,,,,,,,,
"987",1707,,,,,,,,,,,,,,,,
"988",,1193,,,,,,,69,,,,,,,,
"994",,,339,,,,,,,,,,,,,,
"995",,,340,,,,,,,,,,,,,,
"996",,,,,3075,,,3546,,,,,,,,,
"998",,,,,,,,,70,,,,,,,,
"1001",,,,,,,,3547,,,,,,,,,
"1002",,1194,,,,,,,,,,,,,,,
"1003",1708,,,,,,,,,,,,,,,,
"1006",1709,,,,3076,,,,,,,,,,,,
"1011",,,341,,,,,,,,,,,,,,
"1018",,,,,3077,,,,,,,,,,,,
"1019",1710,,,,,,,,,,,,,,,,
"1020",1711,,,,,,,,,,,,,,,,
"1022",,,,,3078,,,,,,,,,,,,
"1023",,,,2336,,,,,,,,,,,,,
"1024",,1195,,,,,,,,,,,,2880,,,
"1026",,1196,,,,,,,,,,,,,,,
"1029",1712,,,,,,,,,,,,,,,,
"1031",,,,,3079,,,3548,,,,,,,,,
"1033",1713,,,,,,,,,,,,,,,,
"1034",1714,,,,,,,,,,,,,2881,,,
"1038",,,,2337,,,,,,,,,,,,,
"1040",,1197,342,,,,,,,,,,,,,,
"1043",,,343,,,,,,,,,,,,,,
"1053",,,344,,,,,,,,,,,,,,
"1054",,1198,,,,,,,,,,,,,,,
"1058",,,345,,,,,,,,,,,,,,
"1065",,1199,,,,,,,,,,,,,,,
"1066",,,346,,,,,,,,,,,,,,
"1068",1715,,,,,,,,,,,,,,,,
"1073",1716,,,,,,,,,,,,,,,,
"1075",1717,,,,,,,,,,,,,,,,
"1076",1718,,,,,,,,,,,,,,,,
"1082",,,,,,,,3549,,,,,,,,,
"1086",,1200,,,,,,,,,,,,,,,
"1088",,1201,,,3080,,,3550,71,,,2751,,2882,,2528,
"1094",,,,,,,,,72,8,,,,,,,
"1101",,1202,,,,,,,,,,,,,,,
"1103",,,,,,2631,1116,,,,,,,,,,
"1108",,,,,,,,,,,,,,2883,,,
"1110",1719,,,,3081,,,,,,,,,,,,
"1113",,,347,,,,,,,,,,,,,,
"1120",,,,,,,1117,3551,,,,,,,,,
"1123",,,,,,,,3552,,,,,,,,,
"1125",,,,,3082,,,,73,9,,,,,,,
"1129",,,,2338,,2632,1118,,,10,,,,,,2529,
"1135",,1203,,,3083,,,,,,,,,,,,
"1136",,,,,,,,,74,,,,,,,,
"1138",,,,,,2633,1119,,,,,,,,,,
"1153",1720,,,,,,,,,,,,,,,,
"1155",,,,,3084,,,,,11,,,,,,,
"1156",,,348,,,,,,,,,,,,,,
"1157",1721,,,,,,,,,,,,,2884,,,
"1159",,,,,3085,,,,,,,,,,,,
"1160",,,,,,,,,,,,2752,,,,,
"1161",,,,,,,,,,,,,,,,2530,
"1163",1722,,,,,,,,,,,,,,,,
"1164",,,349,,,,,,,,,,,,,,
"1168",,,350,,,,,,,,,,,,,,
"1169",,,351,,,,,,,,,,,,,,
"1171",,1204,,,,,,3553,,,,,,,,,
"1183",,1205,,,,,,,,,,,,,,,
"1185",1723,,,,3086,,,,,,,,,,,,
"1189",,,,,,,,,,,,,3403,,,,
"1194",1724,,,,,,,,,,,,,,,,
"1196",,1206,,,,,,,,,,,,,,,
"1204",,1207,352,,,,,,,,,,,,,,
"1207",1725,,,,,,,,,,,,,,,,
"1209",1726,,,,,,,,,,,,,,,,
"1210",,,353,,3087,,,,,,,,,,,,
"1215",,,354,,,,,,,,,,,,,,
"1216",1727,,,,,,,,,,,,,,,,
"1232",,,355,,,,,,,,,,,,,,
"1234",1728,,,,,,,,,,,,,,,,
"1237",1729,,,,,,,,,,,,,,,,
"1244",,1208,,,,,,3554,,,,,,,,,
"1250",,,,,3088,,,,,,,,,,,,
"1253",1730,,,,,,,,,,,,,,,,
"1260",1731,,,,,,,,,,,,,,,,
"1262",,,,,3089,,,,,12,,,,,,,
"1266",,,,,,,,,75,,,,,,,,
"1277",,,,,,,,,76,,,,,,,,
"1278",1732,,,,,,,,,,,,,,,,
"1279",,,,,,,,,77,,,,,,,,
"1281",,1209,,,,,,,,,,,,,,,
"1283",,,,,,,,,,,,2753,,,,,
"1286",,,356,,,,,,78,,,,,,,,
"1288",,1210,357,,,,,,,,,,,2885,,,
"1297",,,358,,,,,,,,,,,,,,
"1301",,,,,,,,3555,,,,,,,,,
"1302",,1211,,,,,,,,,,,,,,,
"1309",1733,,,,,,,,,,,,,,,,
"1313",1734,1212,,2339,3090,,,,,,,,,2886,,,
"1315",1735,1213,,,,,,,,,,,,,,,
"1322",1736,,,,,,,,,,,,,,,,
"1324",,,,2340,,,,,,,,,,,,,
"1333",,,,,,,,,,,,,,,,2531,
"1337",1737,,,,,,,,,,,,,,,,
"1338",,,359,,,,,,,,,,,,,,
"1341",,,360,,,,,,,,,,,,,,
"1344",,,361,,,,,,,,,,,,,,
"1349",,,362,,,,,,,,,,,,,,
"1352",1738,,,,,,,,,,,,,,,,
"1353",1739,,,,,,,,,,,,,,,,
"1357",,1214,,,,,,,,,,,,,,,
"1361",,1215,,,,,,,,,,,,,,,
"1366",,,,2341,,,,,,,,,,,,,
"1373",,,,,3091,,,,,,,,,,,,
"1376",,,,,,,,3556,,,,,,,,,
"1377",,,,,3092,,,,,,,,,,,,
"1381",,1216,,,,,,,,,,,,2887,3758,2532,
"1383",,,,,,,,,,13,,,3404,,,,
"1390",,,,2342,,,,,,,,,,,,,
"1391",,,,,3093,,,,,14,,,,,,,
"1392",,,,2343,,,,,79,15,,,,,,,
"1394",,,,,,,,,80,,,,,,,,
"1398",,,,2344,3094,,,,,16,,,,,,,
"1404",,,,,,,,,,,,,3405,,,,
"1417",,1217,,,,,,,,,,,,,,,
"1418",,,,,,,,,81,,,,,,,,
"1419",,,,,,,,,,,,,,2888,,,
"1420",1740,,,,,,,,,,,,,,,,
"1425",,,,,,,,,,,,,3406,,,,
"1426",1741,,,,,,,,,,,,,,,,
"1428",,,363,,,,,,,,,,,,,,
"1435",1742,,,,,,,,,,,,,,,,
"1438",,,,,,,,,,,,,3407,,,,
"1439",1743,,,,,,,,,,,,,,,,
"1442",,1218,,,3095,2634,,,,17,,2754,,,,,
"1443",,,364,,,,,,,,,,,,,,
"1449",,,,,3096,,,,,,,,,,,,
"1455",,1219,,,,,,,,,,,,,,,
"1466",,1220,,,,,,,,,,,,,,,
"1469",1744,,,,,,,,,,,,,,,,
"1470",,1221,,,,,,,,,,,,,,,
"1471",,,365,,,,,,,,,,,,,,
"1472",1745,,,,,,,,,,,,,,,,
"1473",,,,,,,,3557,,,,,,,,,
"1475",1746,,,,,,,,,,,,,,,,
"1476",,,366,,,,,,,,,,,,,,
"1479",1747,,,,,,,,,,,,,,,,
"1480",1748,,,,,,,,,,,,,,,,
"1481",,,,,,,,3558,,,,,,,,,
"1482",,,367,,,,,,,,,,,,,,
"1485",,1222,,,,,,,,,,,,,,2533,
"1487",1749,,,,,,,,,,,,,,,,
"1490",,,,,,,,,,,,2755,3408,,,,
"1492",,,,,3097,,,,,,,,,,,,
"1494",,,,,,,,3559,,,,2756,3409,,,,
"1495",,,,,3098,,,,,18,,,,,,,
"1500",,,368,,,,,,,,,,,,,,
"1515",1750,,,,,,,,,,,,,,,,
"1516",,,,,,,,,,,,,,2889,,,
"1533",,,,,,,,3560,,,,,,,,,
"1537",1751,,,,,,,,,,,,,,,,
"1540",,,,,,,,,82,,,,,,,,
"1543",,,,,,,,,83,,,,,,,,
"1544",,1223,369,,,,,,,,,,,,,,
"1551",,,,,3099,,,,,,,,,,,,
"1558",,,,,,,,3561,,,,,,,,,
"1560",,,,,,,,,84,,,,,,,,
"1563",,,,,,,,,,,,2757,,2890,,,
"1564",,,,,,,,,,,,2758,,2891,,,
"1565",,,,,,,,,85,,,,,,,,
"1566",,,,,,,,,,,,,,2892,,,
"1570",,1224,,,3100,,,,,,,,,,,,
"1573",1752,,,,,,,,,,,,,,,,
"1579",,,370,,,,,,,,,,,,,,
"1585",,,371,,,,,,,,,,,,,,
"1586",,1225,,,,,,,,,,,,,,,
"1588",,,,2345,,,,,,,,,,2893,3759,,
"1599",1753,1226,,,,,,,,,,,,,,,
"1600",,,,,,,,3562,,,,,,,,,
"1603",,,,,3101,,,,,,,2759,,,,,
"1606",,,,,,,,,,,,,,2894,,,
"1609",,1227,,,,,,,,,,,,,,,
"1610",,,372,,,,,,,,,,,,,,
"1612",1754,,,,,,,,,,,,,,,,
"1613",,,373,,,,,,,,,,,,,,
"1614",,1228,374,,,,,,,,,,,,,,
"1618",1755,,,,,,,,,,,,,,,,
"1625",,,375,,,2635,,,,,,,,,,,
"1628",,,376,,,,,,,,,,,,,,
"1632",,,377,,,,,,,,,,,,,,
"1638",,,,,,,,,86,,,,,,,,
"1644",1756,,,2346,,,,,,,,,,,,,
"1647",,,,,,,,,87,,,,,,,,
"1654",,,378,,,,,,,,,,,,,,
"1655",,,,,,,,,88,,,,,,,,
"1658",,,,2347,,,,,,,,,,,,,
"1662",,1229,,,,,,,,,,,,,,,
"1664",,1230,,,3102,,,,89,19,,,,,,,
"1665",,,,,,,,3563,,,,,,,,,
"1668",1757,,,,,,,,,,,,,,,,
"1673",1758,,,,,,,,,,,,,,,,
"1674",,,379,,3103,,,3564,,,,2760,,,,,
"1677",1759,,,,3104,,,,,,,,3410,,,,
"1679",,,380,,,,,,,,,,,,,,
"1680",,,,,,2636,,,,,,2761,,,,2534,
"1683",1760,,,,3105,,,,,,,,,,,,
"1684",,1231,,,,,,3565,90,,,,,,,,
"1693",1761,,,,3106,,,,,,,,,,,,
"1697",1762,1232,,,,,,,,,,,,,,,
"1699",1763,,,,,,,,,,,,,,,,
"1700",,1233,,,3107,,,,91,,,,,,,,
"1701",,,381,,,,,,,,,,,,,,
"1707",,,382,,3108,2637,,,,20,,,,,3760,,
"1714",1764,,,,,,,,,,,,,,,,
"1715",,,,,3109,,,,,21,,,,,,,
"1716",,,,,,,,,92,,,,,,,,
"1718",,,,2348,,,,,,,,,,,,,
"1723",,,383,,,,1120,,,,1061,,,,,,
"1731",1765,,,,3110,,,,,,,,,,,,
"1734",,,,,,,,,,,,2762,,,,,
"1735",,,,,3111,,,,,,,,,,,,
"1761",,,,,,,,,93,,,,,,,,
"1767",1766,,,,,,,,,,,,,,,,
"1768",,,384,,,,,,,,,,,,,,
"1769",,,385,,,,,,,,,,,,,,
"1771",,,,,3112,,,,,,,,,,,,
"1772",,,386,,,,,,,,,,,,,,
"1775",,,387,,,,,,,,,,,,,,
"1776",,,,2349,,,,,,,,,,,,,
"1777",1767,,,,,,,,,,,,,,,,
"1778",,,,,,,,,,,,,,2895,,,
"1779",,,,,,,,,,,,,,2896,,,
"1784",,1234,,,,,,,,,,,,,,,
"1785",,,388,,,,,,,,,,,,,,
"1788",,,389,,,,,,,,,,,,,,
"1793",,,,,3113,,,,,,,,,,,,
"1795",1768,,,,,,,,,22,,,,,,,
"1797",,,,,,,,,,,,,,2897,,,
"1798",,,,,3114,,,3566,94,,,,,,,,
"1799",,,,,,,,,,,,2763,,2898,,,
"1803",,1235,,,3115,,,,,,,,,,,,
"1812",,,390,,,,,,,,,,,,,,
"1814",,,,,3116,,,,,,,,,,,,
"1817",,1236,,,,,,,,,,,,,,,
"1818",,,391,,,,,,,,,,,,,,
"1820",,,,,3117,,,,,,,,,,,,
"1821",,,392,,,,,,,,,,,,,,
"1824",1769,,,,,,,,,,,,,,,,
"1826",,,393,,,,,,,,,,,,,,
"1828",,,,,,,,3567,,,,,,,,,
"1839",,,394,,,,,,,,,,,,,,
"1840",,,,,3118,,,,95,,,,,,,,
"1847",,1237,,,,,,3568,96,,,,,,,,
"1855",,,,2350,3119,,,,,,,,,,,,
"1856",1770,,395,,3120,,,,,,,,,,,,
"1868",,,396,,,,,,,,,,,,,,
"1869",,,397,,,,,,,,,,,,,,
"1873",,,398,,,,,,,,,,,,,,
"1874",,,399,,,,,,,,,,,,,,
"1882",,,400,,3121,,,,,,,,,,,,
"1883",1771,,,,,,,,,,,,,,,,
"1884",,,401,,,,,,,,,,,,,,
"1886",,,402,,,,,,,,,,,2899,,,
"1888",,,403,,,,,,,,,,,,,,
"1889",,,404,,,,,,,,,,,,,,
"1892",,,,2351,,,,,,,,,,,,,
"1896",,,405,,,,,,,,,,,,,,
"1904",,,,2352,,,,,,,,,,,,,
"1907",,1238,,,,,,,,,,,,,,,
"1909",,,406,,,,,,,,,,,,,,
"1917",,1239,,,,,,,,,,,,,,,
"1919",,,,2353,,,,,,,,,,2900,,,3775
"1920",,,407,,,,1121,,,,,,,,,,
"1923",,,,,,,,,,,,,,2901,,,
"1924",1772,,,,,,,,,,,,,,,,
"1927",1773,,,,,,,,,,,,,,,,
"1930",,,408,,,,,,,,,,,,,,
"1931",,1240,,,,,,,97,,,,,,,,
"1933",,,409,,,,,,,,,,,,,,
"1937",1774,,,,,,,,,,,2764,,,,,
"1939",,,410,,,,,,,,,,,,,,
"1940",1775,,,,,,,,,,,,,,,,
"1944",1776,,,,,,,,,,,,,,,,
"1951",,,,,3122,,,,,,,2765,,,,,
"1955",,1241,,,,,,,98,,,,,,,,
"1957",,,,,,,,,,,,,3411,,,,
"1960",1777,,,,,,,,,,,,,,,,
"1961",,,411,,,,,,,,,,,,,,
"1962",,1242,,,,,,,,,,,,,,,
"1967",,,,,,,,,,,,2766,,,,,
"1969",1778,,,,,,,,,,,,,,,,
"1971",,,412,,,,,,,,,,,,,,
"1972",,1243,,,,,,,,,,,,2902,,,
"1974",,,,2354,,,,,,,,,,,,,
"1976",,1244,,,,,,,,,,,,,,,
"1980",,1245,,,,,,,,,,,,,,,
"1987",1779,,,,,,,,,,,,,,,,
"1993",,,413,,,,,,,,,,,,,,
"1994",1780,,414,,,,,,,,,,,,,,
"1995",,,415,,,,,,,,,,,,,,
"1996",,1246,,,,,,,,,,,,,,,
"1998",,,,,,,,3569,,,,,,,,,
"1999",,1247,,,,,,,,,,,,,,,
"2002",,,,2355,,,,,,,,,,,,2535,
"2003",,,,,,,,,,,,,,2903,,,
"2005",,,416,,,,,,,,,,,,,,
"2010",,,417,,,,,,,,,,,,,,
"2016",,,,,3123,,,,,,,2767,,,,,
"2017",,1248,,,,,,,,23,,,,,,,
"2020",,,418,,,,,,,,,,,,,,
"2025",1781,,,,,,,,,,,,,,,,
"2027",1782,,,2356,3124,,,,,,,2768,,2904,,,
"2028",,,419,,,,,,,,,,,,,,
"2032",,,,,,,,,,,1062,,,,,,
"2034",,,,,,,,,,,,,,2905,,,
"2036",,,420,,,,,,,,,,,,,,
"2038",,1249,,,3125,,,,,,,,,,,,
"2040",1783,,,,,,,,,,,,,,,,
"2047",1784,,,,,,,,,,,,,,,,
"2048",,,,,,,,3570,,,,,,,,,
"2053",1785,,,,,,,,,,,,,,,,
"2054",,,,2357,,,,,,,,,,,,2536,
"2055",,,421,,3126,,,,,,,,,,,,
"2057",,,422,,,,,,,,,,,,,,
"2060",,,,,3127,,,,,,,,,,,,
"2061",,,,,,,,,99,,,,,,,,
"2062",,,423,,,,,,,,,,,,,,
"2068",,,424,,,,,,,,,,,,,,
"2076",,1250,,,,,,,,,,,,,,,
"2077",,,,,,,,3571,,,,,,,,,
"2079",,1251,,,,,,,,,,,,,,,
"2082",,,,2358,,,,,,,,,,,,,
"2094",1786,,,,,,,,,,,,,,,,
"2095",,,,,,,,,,,,2769,,,,,
"2099",,,,,,,,,,,,,,,,2537,
"2100",,,,,,,,,,,,,,2906,,,
"2101",,,425,2359,3128,,,,,,,,,,,,
"2102",,,,2360,,,,,,,,,,,,2538,
"2104",,1252,,,,,,,,,,,,,,,
"2111",1787,,,,,,,,,,,,,,,,
"2114",,,,,,,,,,,,2770,,2907,,,
"2118",,1253,,,,,,,,,,,,,,,
"2120",,,426,,,,,,,,,,,,,,
"2122",1788,,,,,,,,,,,,,,,,
"2123",,,,,,2638,1122,,,,,,,2908,,,
"2130",,,427,,,,,,,,,,,,,,
"2131",,,,,,,,,,,,,3412,,,,
"2132",,,,,,,,3572,,,,,,,,,
"2141",1789,,,,,,,,,,,,,,,,
"2146",,,428,,,,,,,,,,,,,,
"2150",,,429,,,,,,,,,,,,,,
"2151",,,430,,,,,,,,,,,,,,
"2153",1790,,,,,,,,,,,,,,,,
"2155",,,431,,,,,,,,,,,,,,
"2166",,1254,,,,,,,,,,,,,,,
"2168",,,432,,,,,,,,,,,,,,
"2170",,,433,,,,,,,,,,,,,,
"2173",,,434,,,,,,,,,,,,,,
"2176",,1255,,,,,,,,,,,,,,,
"2177",1791,,,,,,,,,,,,,,,,
"2179",,,435,,,,,,,,,,,,,,
"2184",,1256,,,,,,,,,,,,,,,
"2187",,1257,,,,,,,,,,,,,,,
"2189",,1258,,,,,,,,,,,,,,,
"2191",,,436,,,,,,,,,,,,,,
"2195",1792,,,,,,,,,,,,,,,,
"2196",,1259,,,,,,,,,,,,,,,
"2205",,,437,,,2639,,,,,,,,,,,
"2210",,,,,,,,3573,,,,,,,,,
"2212",1793,,,,,,,,,,,,,,,,
"2213",,1260,,,,,,,,,,,,,,,
"2215",,1261,,,,,,,,,,,,,,,
"2220",,,438,,,,,,,,,,,,,,
"2226",,,439,,,2640,1123,,,,,,,2909,,,
"2231",,,440,,,,,,,,,,,,,,
"2233",,,441,,,,,,,,,,,,,,
"2239",,1262,,,,,,,,,,,,,,,
"2240",,,442,,,,,,,,,,,,,,
"2247",,1263,,,,,,,,,,,,,,,
"2249",,,443,,,,,,,,,,,,,,
"2251",,1264,,,,,,,,,,,,,,,
"2252",,,444,,,,,,,,,,,,,,
"2253",,,445,,,,,,,,,,,,,,
"2260",,,,,,,,,,,,,,2910,,,
"2264",,,,,,,,,,,,,,2911,,,
"2265",,,,,,,,,,,,,,,,2539,
"2270",,1265,,,,,,,,,,,,2912,,,
"2271",1794,,,,,,,,,,,,,,,,
"2273",,1266,,,,,,,,,,,,,,,
"2280",,,,,3129,,,,,,,,,,,,
"2281",1795,,,,,,,,,,,,3413,,,,
"2282",,,446,,,,,,,,,,,,,,
"2289",,,447,,,,,,,,,,,,,,
"2293",1796,,,,,,,,,,,,,,,,
"2299",,,,,3130,,,,,,,,,2913,,,
"2301",,,448,,,,,,,,,,,,,,
"2317",1797,,,,,,,,,,,,,,,,
"2319",,1267,,,,,,,,,,,,,,,
"2322",,,,,,2641,,,,24,,,,,,,
"2325",1798,,,,,,,,,,,,,,,,
"2335",,,,,,,,,,,,,,2914,,,
"2337",,,449,,,,,,,,1063,,,,,,
"2339",1799,,,2361,3131,,,,,,,,,,,,
"2340",1800,,,,,,,,,,,,,,,,
"2347",1801,,,,,,,,,,,,,,,,
"2348",,,450,,,,,,,,,,,,,,
"2349",,,451,,,,,,,,,,,,,,
"2350",1802,,,,,,,,,,,,,,,,
"2355",,,,2362,3132,,,,,,,2771,,,,2540,
"2357",,,,2363,,,,,,,,,,,,2541,
"2358",,,,2364,,,,,,,,2772,,2915,,,
"2363",,,452,,,,,,,,,,,,,,
"2366",,,,,,,,,,,,2773,,2916,,,
"2367",,,,,,,,,,,,2774,,2917,,,
"2370",,,,,3133,,,,,,,,,,,,
"2373",,,,,,,,3574,,,,,,,,,
"2377",,,453,,,2642,,,,,,,,,,,
"2380",,,454,,,,,,,,,,,,,,
"2381",1803,,,,,,,,,,,,,,,,
"2395",,,,,,,,3575,,,,,,,,,
"2396",1804,,,,,,,,,25,,,,,,,
"2400",,,,,,,,,,,,,,,,2542,
"2401",,,455,,,,,,,,,,,,,,
"2404",,,456,,,,,,,,,,,,,,
"2408",,,457,,,,,,,,,,,,,,
"2409",,,458,,,,,,,,,,,,,,
"2412",,,,,,2643,,,,,,,,,3761,,
"2414",,,459,,,,,,,,,,,,,,
"2422",,,,,,,,3576,,,,,,,,,
"2435",,1268,,,,,,,,,,,,,,,
"2437",,,,,,,,3577,,,,,,,,,
"2439",1805,,,2365,,,,,,,,,,,,,
"2440",,1269,,,,,,,,,,,,,,,
"2443",,,,,,,,3578,,,,,,,,,
"2448",,1270,,,,,,,,,,,,,,,
"2452",,,,,3134,,,,,,,,,,,,
"2454",,1271,,,,,,3579,,,,,,,,,
"2458",,,460,,,,,,,,,,,,,,
"2459",1806,,,,,,,,,,,,,,,,
"2462",,,461,,,,,,,,,,,,,,
"2464",,,,,3135,,,,,,,,,,,,
"2465",,,462,,3136,,,,,,,,,,,,3776
"2466",,,,,,,,,,,,,3414,,,,
"2468",,1272,,,,,,,,,,,,,,,
"2472",,,463,,,2644,,,,,,,,,,,
"2475",,,,,3137,,,,100,,,,,,,,
"2477",,,464,,,,,,,,,,,,,,
"2480",,,465,,,,,,,,,,,,,,
"2481",,1273,,,,,,3580,,,,,,,,,
"2482",,1274,,,,,,,,,,,,,,,
"2483",,,466,,,,,,,,,,,,,,
"2490",1807,,,,3138,,,,,,,,,,,,
"2498",1808,,,,,,,,,,,,,,,,
"2499",,,,2366,,2645,,3581,,,,2775,,,,,
"2500",,,,,3139,,,,,,,,,,,,
"2502",1809,,,,,,,,,,,,,,,,
"2505",,,,,,2646,1124,,,,,,,,,,
"2508",,,,,,2647,,,,,1064,,,,,,
"2512",,,,,3140,,,3582,101,,,,,,,,
"2513",,1275,467,,,,,,,,,,,,,,
"2514",,,,,,,,,,,,2776,,,,,
"2515",1810,,,,,,,,,,,,,,,,
"2520",,,468,,,,1125,,,,,,,,,,
"2522",,1276,,,,,,,,,,,,,,,
"2525",,,469,,,,,,,,,,,,,,
"2527",1811,,,,,,,,,,,2777,,,,,
"2532",1812,1277,,,,,,,,,,,,,,,
"2541",,,,,,,,,,,,2778,,,,,
"2543",,1278,,,,,,3583,,,,,3415,2918,,,
"2545",1813,,,,,,,,,,,,,,,,
"2546",1814,,,,,,,,,,,,,,,,
"2547",1815,,,,,,,,,,,,,,,,
"2554",,1279,,,,,,,,,,,,,,,
"2559",,,,,,,,,,26,,,,,,,
"2567",,1280,,,,,,,,,,,,,,,
"2572",,,,,,,,,,,,,,2919,,,
"2573",,,470,,,,1126,,,,,,,,,,
"2574",,,471,,,,,,,,,,,2920,,,
"2575",,,472,,,,,,,,,,,,,,
"2577",,,,2367,,,,,,,,,,,,,
"2580",,,,,,,,3584,,,,,,,,,
"2583",1816,,,,,,,,,,,,,,,,
"2590",,1281,,,,,,,,,,,,,,,
"2599",,,,,3141,,,,,,,,,,,,
"2601",,,,,,,,,102,,,,,,,,
"2602",,1282,,,,,,,,,,,,,,,
"2604",,,,,3142,,,3585,,,,,,,,,
"2605",,,,,,,,,103,,,,,,,,
"2608",,,,,,,,,104,,,,,,,,
"2609",,,,,,,,,105,,,,,,,,
"2610",,1283,,,,,,,,,,,,,,,
"2616",,1284,,,,,,,,,,,,,,,
"2620",,1285,,,,,,,,,,,,,,,
"2621",1817,,,,,,,,,,,,,,,,
"2644",,,,2368,,,,3586,,,,,,,,,
"2649",,1286,,,,,,,,,,,,,,,
"2651",,,,,,,,,,,1065,,,,,,
"2657",,1287,,,3143,,,,,,,,,,,,
"2660",,,,,,,,,106,,,,,,,,
"2664",,,,,3144,,,,107,,,,,,,,
"2665",,,,,3145,,,,,,,,,,,,
"2673",,1288,,,,,,,,,,,,,,,
"2690",,,,,,,1127,,,,,,,,,,
"2696",,,473,,,,,,,,1066,,,,,,
"2703",1818,,,,,,,,,,,,,,,,
"2708",,1289,474,,,,,,,,,,,,,,
"2712",,,475,,,,,,,,,,,,,,
"2713",1819,,,,,,,,,,,,,,,,
"2716",,1290,,,3146,,,,,,,,,,,,
"2730",,,,,,,,3587,,,,,,,,,3777
"2740",,,476,,,,,,,,,,,,,,
"2745",,,,,,,,,,,,,3416,,,,
"2746",,1291,,,,,,,,,,,,,,,
"2750",1820,,,,,,,,,,,,,,,,
"2751",1821,,,,,,,,,,,,,,,,
"2752",1822,,,,,,,,,,,,,,,,
"2753",,,,2369,,,,,,,,,,,,2543,
"2754",,,477,,,,,,,,,,,,,,
"2755",,,,,3147,,,,,,,,,,,,
"2763",,1292,,,,,,,,,,,,,,,
"2767",,,,2370,,,,,,,,,,,,,
"2770",,1293,,,,,,,,,,,,,,,
"2771",,,,,,,,3588,,,,,,,,,
"2772",,,,2371,,2648,,,,27,,,,,,,
"2774",,,478,,,,,,,,,,,,,,
"2775",,,479,,,,,,,,,,,,,,
"2778",,,480,,,,,,,,,,,,,,
"2780",,,481,,,,,,,,,,,,,,
"2781",,,,,,,,,,,,2779,,,,2544,
"2783",,,,,3148,,,,,,,,,,,,
"2788",1823,,,,3149,,,,,,,,,,,,
"2790",,,482,,,,,,,,,,,,,,
"2798",,,,,,,,,,,,,3417,,,,
"2804",,,,,3150,2649,,,,,,,,,,,
"2809",,1294,,,,,,,,,,,,,,,
"2813",,1295,,,,,,,,,,,,,,,
"2819",,,,2372,,2650,,,,,,,,,,,
"2821",,,483,,,,,,,,,,,,,,
"2822",,,484,,,,,,,,,,,,,,
"2836",,,485,,,,,,,,,,,,,,
"2837",,,486,,,,,,,,,,,,,,
"2847",1824,,,,,,,,,,,,,,,,
"2852",1825,,,,,,,,,,,,,,,,
"2854",1826,,,,,,,,,,,,,,,,
"2868",,,487,,,,,,,,,,,,,,
"2870",,,,,3151,,,,,,,,,,,,
"2871",,,,,3152,,,,,,,,,,,,
"2872",,,,,,,,3589,,,,,,,,,
"2875",,,488,2373,,,,,,,,,,,,,
"2877",,,489,,,,,,,,,,,,,,
"2883",,,490,,,,,,,,,,,,,,
"2897",1827,,,,,,,,,,,,,,,,
"2906",,1296,491,,3153,2651,,,,,,2780,,,,,
"2907",,1297,,,3154,,,,,,,,,,,,
"2908",1828,,,2374,,,,,,,,,,,,,
"2909",,1298,,,,,,,,,,,,,,,
"2911",,1299,,,3155,,,,,,,,,,,,
"2913",,,492,,,,,,,,,,,,,,
"2914",,,,2375,,,,,,,,,,,,,
"2915",1829,,,,,,,,,,,,,,,,
"2917",,,,,,,,,,,,,3418,,,,
"2920",,1300,,,,,,,,,,,,,,,
"2922",,,493,,,,,,,,,,,,,,
"2933",,1301,,,,,,,,,,,,,,,
"2940",1830,,,,,,,,,,,,,,,,
"2942",,,494,,,,,,,,,,,,,,
"2944",1831,,,,,,,,,,,,,,,,
"2950",,,,,,,,3590,,,,2781,,,,,
"2951",1832,,,,,,,,,,,,,,,,
"2954",1833,,,,,,,,,,,,,,,,
"2958",1834,,,,3156,,,,,,,,,,,,
"2959",,,,,,,,,,,,,,,,,3778
"2967",,1302,,,,,,,,,,2782,,,,,
"2972",1835,,,,,,,,,,,,,,,,
"2973",,,,,3157,,,,,,,,,,,,
"2976",,,495,,,,,,,,,,,,,,
"2978",,,496,,,,,,,,,,,,,,
"2981",,,497,2376,,,,,,28,,,,,,,
"2985",,,498,,,2652,,,,,,,,,,,
"2989",,1303,,,,,,,,,,,,,,,
"2994",,1304,,,3158,,,,,,,,,,,,
"2997",,1305,,,,,,,,,,,,,,,
"3001",,,499,,,,,,,,,,,,,,
"3011",1836,,,,,,,,,,,,,,,,
"3017",,,500,,,,,,,,,,,,,,
"3020",,,,,,,,3591,,,,,,,,,
"3021",,,501,,,,,,,,,,,,,,
"3023",,,,,,,,,,,,,,2921,,,
"3028",,1306,,,3159,,,,,,,,3419,,,,
"3029",,1307,,,,,,,,,,,,,,,
"3030",1837,,,,3160,,,,108,,,,,,,,
"3033",,1308,,,,,,,,,,,,,,,
"3035",,1309,,,,,,,,,,,,,,,
"3038",,,502,,,,,,,29,,,,,,,
"3040",1838,,,,,,,,,,,,,,,,
"3044",,,503,,,,,,,,,,,,,,
"3049",,1310,,,3161,,,,,,,,,,,,
"3052",,,,,,,,,,,,,3420,,,,
"3053",,1311,,,,,,,,,,,,,,,
"3056",,,,,,,,,,,,,,2922,,,
"3060",,1312,,,,,,,,,,,,,,,
"3064",,,,,,,,,109,,,,,,,,
"3065",,1313,,,,,,3592,,,,,,,,,
"3070",,1314,,,,,,,,,,,,,,,
"3073",1839,,,,,,,,,,,,,,,,
"3076",,,504,,,,,,,,,,,,,,
"3077",1840,,,,,,,,,,,,,,,,
"3078",,1315,,,,,,,,,,,,,,,
"3082",,1316,,,,,,,,,,,,,,,
"3083",1841,,,,,,,,,,,,,,,,
"3092",,,505,,,,,,,,,,,,,,
"3093",1842,,,,,,,,,,,,,,,,
"3098",,,,2377,,,,,,,,,,,,,
"3099",1843,1317,,,,,,,,,,,,,,,
"3108",,,506,,,,,,,,,,,,,,
"3116",,,507,,,,,,,,,,,,,,
"3118",,1318,,,,,,,,,,,,,,,
"3119",,1319,,,,,,,,,,,,,,,
"3121",,,,,,,,3593,110,,,,,,,,
"3123",,,,2378,,,,,,,,,,,,,
"3126",,,508,,,,,,,,,,,,,,
"3128",,,,,,,,3594,,,,,,,,,
"3131",1844,,,,,2653,,,,30,,,,,,,
"3136",1845,,,,3162,,,,,,,,,,,,
"3138",,,,,,2654,,,,,,,,,,,
"3141",,,,,3163,,,,,,,,,,,,
"3143",,,,,,,,3595,,,,,,,,,
"3144",,,,,3164,,,,,,,2783,,,,,
"3155",1846,,,,,,,,,,,,,2923,,2545,
"3161",,,,,,,,,,,1067,,,,,,
"3164",,,,,,,,,,,,,,2924,,,
"3167",,,,,,,,,,,,,3421,,,,
"3168",,,,2379,,,,,,,,,,,,,
"3173",,,509,,,,,,,,,,,,,,
"3182",1847,,,,3165,,,,,,,,,,,,
"3183",1848,,,,,,,,,,,,,,,,
"3184",,,,,3166,,,,111,,,,,2925,,,
"3186",1849,,,,,,,,,,,,,,,,
"3189",,,,,3167,,,,,,,,,,,,
"3191",,,,,,,,,,,,,,,,2546,
"3192",,1320,,,,,,,,,,,,,,,
"3194",1850,,,,,,,,,,,,,,,,
"3196",,,,,3168,,,,,,,,,,,,
"3206",,,,,,,,,,,1068,,,,,,
"3211",1851,,,,,,,,,,,,,,,,
"3218",,,510,,,,,,,,,,,,,,
"3220",,1321,,,,,,,,,,,,,,,
"3223",,,,,,,,,,,,,3422,,,,
"3232",,,511,,3169,,,,,,,,,,,,
"3234",,,512,,,,,,,,,,,,,,
"3236",,1322,,,,,,,,,,,,,,,
"3238",,1323,,,,,,,,,,,,,,,
"3242",,,,,,,1128,,,,,,,,,,
"3250",,,513,,,,,,,,,,,,,,
"3256",1852,,,,,,,,112,,,,,2926,,,
"3257",,,514,,3170,,,,,,,,,,,,
"3260",,,515,,,,,,,,,,,,,,
"3267",,,,,,,,,,,,2784,,,,,
"3268",,,516,,,,,,,,,,,,,,
"3278",,1324,,,,,,,,,,,,,,,
"3279",,1325,,,,,,,113,,,2785,,,,,
"3282",1853,1326,,,,,,,,,,,,,,,
"3287",,,,,3171,,,,114,,,,,,,,
"3290",,1327,,,,,,,115,,,,,,,,
"3291",,,,,,2655,,,,,,,,,,,
"3295",,,517,,,,,,,,,,,,,,
"3299",,,,,,,,,,,,,,2927,,,
"3304",1854,,,2380,,,,,,,,,,,,,
"3309",,1328,,,,,,,,,,,,,,,
"3319",1855,,,,,,,,,,,,,,,,
"3322",,,,,,,,3596,,,,,,,,,
"3324",1856,,,,,,,,,,,,,,,,
"3327",,,,,,,,,,,,,3423,,,,
"3329",,,518,,,,,,,,,,,,,,
"3334",,1329,,,,,,,,,,,,,,,
"3339",,1330,,,,,,,116,,,,,,,,
"3340",1857,,,,,,,,,,,,,,,,
"3341",,,,,,,,,117,,,,,,,,
"3346",,,,,,,,3597,,,,,,,,,
"3347",,,,,,,,,,31,,,,,,,
"3348",,1331,,,,,,,118,,,,,,,,
"3349",1858,,,,,,,,,,,2786,,2928,,,
"3354",,,,,,,,3598,,,,,,,,,
"3355",,,,,,2656,,3599,119,32,,2787,,,,2547,
"3359",,,,,,2657,,,,,,,,,,,
"3363",,1332,,,,,,,,,,,,,,,
"3365",,1333,,,,,,,,,,,,,,2548,
"3373",,,,,,,,3600,120,,,,3424,,,,
"3377",,,,,,,,3601,,,,,,,,,
"3378",,,,,,2658,1129,,,,,,,,,,
"3379",,,,,3172,,,,,,,,,,,,
"3384",,,,,,,,,,33,,,,,,,
"3388",1859,1334,,,,,,,121,,,,,2929,,,
"3390",1860,,,,3173,,,,,,,,,,,,
"3398",,,519,,,,,,,,,,,,,,
"3405",,1335,,,,,,,122,,,,,2930,,,
"3407",,,,,3174,,,,,,,,,,,,
"3411",,1336,,,3175,,,3602,,,,,,,,,
"3414",1861,,,,,,,,,,,,,,,,
"3417",,,520,,,,,,,,,,,,,,
"3421",,1337,,,,,,,123,,,,,,,,
"3424",,,,,,,,3603,,,,,,,,,
"3426",,,521,,,,,,124,,,,,,,,
"3432",,,,,,,,3604,,,,,,,,,
"3435",,1338,,,,,,,,,,,,2931,,,
"3444",,,522,,,,,,,,,,,,,,
"3450",,,523,,,,,,,,,,,,,,
"3453",1862,,,,,,,,,,,,,,,,
"3454",,,,,,,,3605,,,,,,,,,
"3459",,,524,,,,,,,,,,,,,,
"3464",,,,,,,,3606,,,,,,,,,
"3465",,1339,525,,,,,,,,,,,,,,
"3467",,,526,,,,,,,,,,,,,,
"3468",,,527,,,,,,,,,,,,,,
"3477",,,,,,,,3607,,,,,,,,,
"3479",1863,,,,3176,,,,,,,,,,,,
"3480",1864,,,,3177,,,,,,,,,,,,
"3481",,,,,,,,,,,,,,2932,,,
"3484",,,,,,,,,,,,,3425,,,,
"3486",,,,,,,,,125,,,,,,,,
"3487",,1340,,,,,,,,,,,,,,,
"3488",,1341,,,,,,,,,,,3426,,,,
"3500",,,,,,,,,,,,2788,,2933,,,
"3505",,,528,,,,,,,,,,,,,,
"3506",1865,,,,,,,,,,,,,,,,
"3510",,,529,,,,,,,,,,,,,,
"3515",,1342,,,,,,,,,,,,,,,
"3516",1866,,,,,,,,,,,,,,,,
"3518",,1343,,,,,,,,,,,,,,,
"3520",,1344,,,,,,,,,,,,,,,
"3526",,1345,,,,,,,,,,,,,,,
"3533",,,530,,,,,,,,,,,,,,
"3542",,,531,,,,,,,,,,,,,,
"3547",,1346,,,,,,,,,,,,,,,
"3551",1867,,,,,,,,,,,,,,,,
"3557",1868,,,,,,,,,,,,,,,,
"3558",,,532,,,,,,,,,,,,,,
"3559",,1347,533,,,,,,,,,,,,,,
"3560",,1348,,,,,,,,,,,,,,2549,
"3562",1869,,,,3178,,,,,,,2789,,2934,,,
"3563",,1349,,,,,,,,,,,,,,,
"3564",,,,,,,,,,34,,,,,,,
"3566",,,,,,,,,,,,,3427,,,,
"3569",,1350,534,,,,,,,,,,,,,,
"3570",,,,2381,,,,3608,,,,2790,3428,2935,,,
"3571",,,535,,,,,,,,,,,,,,
"3573",,,,,3179,,,,126,,,,,,,,
"3580",,,536,,,,,,,,,,,,,,
"3581",,,,,,,,,127,,,,,,,,
"3583",1870,,,,3180,,,,,,,,,,,,
"3585",,,,,3181,,,,,,,,,2936,,,
"3586",1871,,,,,,,,,,,,,2937,,,
"3587",,,,,,,,,,,1069,,,2938,,,
"3588",,,,,,,,,,,1070,,,2939,,,
"3589",,,537,,,,,,,,,,,,,,
"3591",,,,,,,,,,,,,,,,2550,
"3592",,,,,,,,3609,,,,,,,,,
"3593",,,,2382,,,,,,,,,,,,,
"3594",,,,2383,,,,,,,,,,,,,
"3598",,,538,,,,,,,,,,,,,,
"3602",,,,,,,,,128,,,,,,,,
"3606",,,,,,,,,,,,,3429,,,,
"3608",1872,,,,,,,,,,,,,,,,
"3615",1873,,,,,,,,,,,,,,,,
"3621",,,,2384,,,,,,,,,,,,,
"3622",,,,,,,,,,,,,,,,2551,
"3623",,,,2385,,,,,,,,,,,,,
"3624",,,539,,,,,,,,,,,,,,
"3625",1874,,,,,,,,,,,,,,,2552,
"3631",,,,,,,,3610,,,,,3430,,,,
"3632",,,,,,2659,,,,,,,,,,,
"3633",,,,2386,,,,,,,,,,,,,
"3635",,,540,,,,,,,,,,,,,,
"3637",1875,,,,3182,,,,,,,,,,,,
"3644",,1351,,,,,,,,,,,,,,,
"3646",,,,,,2660,,,,,,,,,,,
"3647",,,,2387,,,,,,,,,,,3762,,
"3650",,,541,,,,,,,,,,,,,,
"3652",,1352,,,,,,3611,129,,,,,,,,
"3658",,,,2388,,,,,,,,,,,,,
"3660",1876,,542,,,,,,,,,,,,,,
"3661",,,,,,,,,,,,,,,,2553,
"3662",1877,,,,,,,,,,,,,,,,
"3664",,,543,,,,,,,,,,,,,,
"3667",,1353,,,,,,,,,,,,,,,
"3671",,,,,3183,,,,,,,2791,3431,,,2554,
"3673",1878,,,,3184,,,,,,,,,,,,
"3677",,,,,3185,,,,,,,,3432,,,,
"3682",,,544,,,,,,,,,,,,,,
"3684",,,,,,,,3612,,,,,,,,,
"3705",,,,,,,,,130,,,,,,,,
"3708",,,545,,,,,,,,,,,,,,
"3710",,,546,,,,,,,,,,,,,,
"3711",,,,,3186,,,,,,,,,,,,
"3716",,,547,,,2661,,,,,,,,,,,
"3718",,,,,,,,,131,,,,,,,,
"3721",,,,,,,,,,,1071,,,,,,
"3724",,,548,,,,,,,,,,,,,,
"3725",,,,,,,,,,,,,,2940,,,
"3728",,,,,,,,3613,,,,,,,,,
"3731",,,549,,,,,,,,,,,,,,
"3739",1879,,,,,,,,,,,,,,,,
"3740",,1354,,,,,,,,,,,,,,,
"3742",,,,,3187,,,,,,,,,,,,
"3745",1880,,,,,,,,,,,,,,,,
"3746",,,,,,,,,132,,,,,,,,
"3747",,,,,,,,,,,,,,2941,,,
"3750",,,,,,,,,,,,,,2942,,,
"3753",1881,1355,,,,,,,,,,,,,,,
"3755",1882,,,,,,,,,,,,,,,,
"3756",,,,,3188,,,,,,,,,,,,
"3759",,,,,,,,3614,,,,,,,,,
"3761",,,550,,,,,,,,,,,,,,
"3766",,,,,,,,3615,,,,,,,,,
"3770",,,,,3189,,,,,,,,,,,,
"3773",,,,,3190,,,3616,,,,,,,,,
"3775",,,,,,,,3617,,,,,3433,,,,
"3778",,,551,,,,,,,,,,,,,,
"3780",,,,2389,,,1130,,,,,,,,,,
"3783",1883,,,,,,,,,,,,3434,,,,
"3786",,,,,3191,,,,,,,,,,,,
"3788",,1356,,,,,,,133,,,,,,,,
"3794",,,,2390,,,,,,,,,,,,,
"3795",,,552,,,,,,,,,,,,,,
"3797",,,,2391,,,,3618,,,,,,2943,,2555,
"3803",,,553,,,,,,,,,,,,,,
"3804",1884,,,2392,3192,,,,,,,,,,,,
"3805",,1357,,,,,,,,,,,,,,,
"3810",1885,,,,,,,,,,1072,,,,,,
"3812",1886,,,,,,,,,,,,,,,,
"3827",,,,,,,,,,,,,,,,,3779
"3830",,,,,,,,,134,,,,,,,,
"3842",,,554,,,,,,,,,,,,,,
"3845",,1358,,,,,,,,,,,,,,,
"3847",,1359,,,,,,3619,,,,,,,,,
"3849",,,,,3193,,,,,,,,,,,,
"3853",,,,,,,,3620,,,,,3435,,,,
"3857",1887,,,,,,,,,,,,,,,,
"3859",,,,,3194,,,,,,,,,,,,
"3866",,,,,,,,,135,,,,,,,,
"3876",,,555,,,,,,,,,,,,,,
"3880",,1360,,,,,,,,,,,,,,,
"3882",,,,2393,,,,,,,,,,,3763,,
"3886",,,556,,,,,,,,,,,,,,
"3888",,,,2394,,,,,,,,,,,,,
"3893",,,557,,,,,,,,,,,,,2556,
"3894",,,558,,,,,,,,,,,,,,
"3899",,,,,,,,3621,,,,,,,,,
"3901",,,,,,,,,136,,,,,,,,
"3908",1888,,,,,,,,,,,,,,,,
"3911",,,559,,,,,,,,,,,,,,
"3912",,,,,,,,,,,,,3436,,,,
"3913",,,,,,,,,137,,,,,,,,
"3920",1889,,,,,,,,,,,,,,,,
"3922",1890,,,,,,,,,,,,,,,,
"3924",,,,2395,,,,,,,,,,,,,
"3926",,1361,,,,,,,,,,,,,,,
"3929",,,560,,,,,,,,,,,,,,
"3939",,1362,,,,,,,,,,,,,,,
"3941",,,561,,,,,,,,,,,,,,
"3943",,,562,,,,,,,,,,,,,,
"3945",,,,,3195,,,,,,,,,,,,
"3947",,1363,,,,,,3622,,,,,,,,,
"3948",,1364,,,3196,,,,,,,2792,3437,,,,
"3955",,,,,,,,,,,,,3438,,,,
"3956",,,,,,,,,,,,,,2944,,,
"3959",,,563,,,,,,,,,,,,,,
"3960",,,,,,,,3623,,,,,,,,,
"3965",1891,1365,,,,,,,,,,,,,,,
"3967",,,564,,,,,,,,,,,,,,
"3969",,,565,,,,,,,,,,,,,,
"3971",1892,,,,,,,,,,,,,,,,
"3972",1893,,,,,,,,,,,,,,,,
"3975",1894,,,2396,,,,,,,,,,,,,
"3976",1895,,,,,,,,,,,,,,,,
"3978",,,566,,,,,,,,,,,,,,
"3979",,,567,,,,,,138,,,,,,,,
"3980",,,568,,,,,,,,,,,,,,
"3981",,,569,,,,,,,,,,,,,,
"3982",1896,,,,3197,,,,,,,,,,,,
"3988",,,,2397,,2662,,,,,,,,,,,
"3996",,,570,,,,,,,,,,,,,,
"3998",,1366,,,,,,,,,,,,,,,
"4002",1897,,,,,,,,,,,,,,,,
"4007",1898,1367,,2398,3198,,,,,,,2793,,2945,,2557,
"4009",,,571,,,,,,,,,,,,,,
"4017",,,572,,,,,,,,,,,,,,
"4020",,,,2399,,,,,,,,,,,,,
"4023",1899,,,,3199,,,,,,,,,,,,
"4027",,1368,,,,,,,,,,,,,,,
"4031",,,573,,,,,,,,,,,,,,
"4032",,,,,,,,,139,,,,,,,,
"4034",,1369,,,,,,,,,,,,,,,
"4036",1900,,,,,,,,,,,,,,,,
"4037",1901,1370,,,,,,,140,,,,,,,,
"4046",,,,,,,,,,,,,,,3764,,
"4048",,,,,3200,,,,,,,,,,,,
"4049",1902,,,,,,,3624,141,,,,,2946,,,
"4050",1903,,,,,,,,,,,,,,,,
"4053",,,,,,,,3625,,,,,,,,,
"4054",,,574,,,,,,,,,,,,,,
"4058",,,575,,,,,,,,,,,,,,
"4062",,,576,,,,,,,,,,,,,,
"4064",,,,,,,,,,,,,,,,,3780
"4068",1904,,,,,,,,,,,,,,,,
"4069",1905,,,,,,,,,,,,,,,,
"4072",1906,,,,,,,,,,,,,,,,
"4075",1907,,,,,,,,,,,,3439,,,,
"4081",,,,,3201,,,3626,,,,,,,,,
"4082",,1371,,,3202,,,,,,,,,,,,
"4088",,,577,,,,,,,,,,3440,,,,
"4089",,1372,,,,,,,,,,,,,,,
"4090",,,578,,,,,,,,,,,,,,
"4093",,,,,,,,,,,,,3441,,,,
"4100",,,,,3203,,,,,,,,,,,,
"4103",,,,,,,,3627,,,,,,,,,
"4104",,,579,,,,,,,,,,,,,,
"4106",1908,,,,3204,,,,,,,,,,,,
"4108",,,,2400,,,,,,,,,,2947,,,
"4110",,,,,3205,,,,,,,,,,,,
"4111",,,,,,2663,,,,,,,,,,,
"4112",,,,,,2664,,,,,,,,,,,
"4113",,1373,,,,,,,,,,,,,,,
"4118",,1374,,,,,,,,,,,,,,,
"4124",,,,2401,,,,,,,,,,,,,
"4127",1909,,,,,,,,,,,,,,,,
"4131",,,,,3206,,,,,,,,,,,,
"4134",,,580,,,,,,,,,,,,,,
"4135",1910,,,,,,,,,,,,,,,,
"4136",1911,,,,,,,,,,,,,,,,
"4143",,,,2402,,,,,,,,,,,,,
"4145",1912,1375,,,,,,,,,,,,,,,
"4146",1913,,,,,,,,,,,,,,,,
"4147",1914,,,,,,,,,,,,,,,,
"4152",1915,,,2403,,,,,,,,,,,,,
"4153",,,,,,,,,142,,,,,,,,
"4157",1916,,,,3207,,,,,,,,,,,,
"4158",,,,,,,,,,,,,,2948,,,
"4164",,,,,,,,3628,,,,,,,,,
"4169",1917,,,2404,,,,,,,,,,,,,
"4179",,1376,,,,,,,,,,,,,,,
"4180",,1377,,,,,,3629,,,,,3442,,,,
"4182",,,,,,,,,,,,,,,,2558,
"4184",1918,,,,,,,,,,,,,,,,
"4189",1919,,,,,,,,,,,,,,,,
"4193",1920,,,,,,,,,,,,,,,,
"4197",1921,,,,,,,,,,,,,,,,
"4198",1922,,,,,,,,,,,,,,,,
"4201",1923,,,,,,,,,,,,,,,,
"4205",,,,,,,,,,,,,,2949,,,
"4210",,,581,,,,,,,,,,,,,,
"4211",1924,,,,,,,,,,,,,,,,
"4215",,,582,,,,,,,,,,,,,,
"4216",,1378,,,,,,,,,,,,,,,
"4218",,,583,,,,,,,,,,,,,,
"4219",1925,,,,,,,,,,,,,,,,
"4220",,1379,,,,,,,,,,,,,,,
"4224",,,584,,,,,,,,,,,,,,
"4226",,,,2405,,2665,,,,,,,,,,,
"4227",,,,2406,,,,,,,,,,,,,
"4231",,,585,,,,,,,,,,,,,,
"4233",1926,1380,,,,,,,,,,,,,,,
"4237",1927,,,,,,,,,,,,,,,,
"4241",1928,,,,,,,,,,,,,,,,
"4245",1929,1381,,,,,,,,,,,,,,,
"4247",,1382,,,3208,,,,,,,2794,,,,,
"4248",,,,,3209,,,,,,,,,,,,
"4250",,,,,,,,,,,,2795,,,,,
"4260",,,586,,,,,,,,,,,,,,
"4264",,,,,,,,3630,,,,,,,,,
"4265",,,,,3210,,,,,,,,,,,,
"4266",,1383,,,,,,,,,,,,,,,
"4273",,1384,,,,,,,,,,,,,,,
"4275",,,,2407,,,,,,,,,,,,,
"4279",,,587,,,,,,,,,,,,,,
"4286",1930,,,,,,,,,,,,,,,,
"4291",,,,,,,,,,,,,3443,,,,
"4293",,,,2408,,,,,,,,,,,,,
"4294",,1385,,,,,,,,,,,,,,,
"4295",,,,2409,,,,,,,,,,,,,
"4296",,,,2410,,,,,,,,,,,,2559,
"4301",,1386,,,,,,,,,,,,,,,
"4305",1931,,,2411,,,,,,,,,,,,,
"4306",1932,,,,3211,,,,,,,,,,,,
"4307",1933,,,,,,,,,,,,,,,,
"4311",,,588,,,,,,,,,,,,,,
"4313",,,589,,,2666,,,,,,,,,,,
"4317",,,590,,,,,,,,,,,,,,
"4320",,,591,,,,,,,,,,,,,,
"4321",,,,,3212,,,,,,,,,,,,
"4326",,,,2412,,,,,,,1073,,,,,,
"4328",,,,2413,,2667,,,,,1074,,,,,,
"4340",,,592,,,,,,,,,,,,,,
"4345",,,,2414,,,,,,,,,,,,,
"4347",,,,,,,,,,,,,,2950,,,
"4348",,,,,,,,,,,,2796,,,,,
"4350",1934,,,,,,,,,,,,,,,,
"4359",,,,,,,,,,,,,3444,,,,
"4361",,,,,3213,,,,,,,,,,,,
"4366",,,593,,,,,,,,,,,,,,
"4369",,,594,,,,,,,,,,,,,,
"4373",1935,1387,,,,,,,,,,,,,,,
"4374",,,595,,,,,,143,,1075,,,,3765,,
"4377",,,596,,,,,,,,,,,,,,
"4378",,,,,3214,,,,,,,,,,,,
"4383",,,597,,,,,,,,,,,,,,
"4389",,,598,,,,,,144,,,,,,,,
"4396",,,,,3215,,,,,,,,,,,,
"4401",1936,,,,,,,,,,,,,,,,
"4402",,,599,,,,,,,,,,,,,,
"4403",,,,,3216,,,,,,,,,,,,
"4404",,1388,,,,,,,,,,,,,,,
"4409",,,,,,,,,,,,2797,,,,,
"4412",,,,,,2668,,,,,,,,,,,
"4426",,,,,,2669,,,,,,,,,,,
"4435",,,600,,,,,,,,,,,,,,
"4441",,,601,,,,,,,,,,,,,,
"4442",,,602,,,,,,,,,,,,,,
"4451",,,,,,,,3631,,,,,,2951,,,
"4454",1937,,,,,,,,,,,,,,,,
"4455",,1389,,,,,,,,,,,,,,,
"4457",,,,,3217,,,,,,,,,,,,
"4460",,,,,3218,,,,,,,,,,,,
"4461",1938,1390,,,3219,,,,,,,2798,,2952,,,
"4464",,,,,,,,,,,,,3445,,,,
"4476",1939,,,,,,,,,,,,,,,,
"4479",,1391,,,,,,,145,,,,,,,,
"4482",,,,,,,,,,,,,,2953,,,
"4487",1940,,,,,,,,,,,,,,,,
"4492",1941,,,,,,,,,,,,,,,,
"4493",,1392,,,,,,,,,,,,2954,,,
"4499",1942,,,,,,,,,,,,,,,2560,
"4516",,,603,,,,,,,,,,,,,,
"4521",,1393,,,,,,,,,,,,,,,
"4523",,,,,3220,,,3632,146,,,,,2955,,,
"4524",,,,,,,,3633,147,,,,,,,,
"4526",,1394,,,,,,,,,,,,,,,
"4535",,,,,,,1131,,,,1076,,,,,,
"4537",1943,,,,,,,,,,,,,,,,
"4543",1944,,,,,,,,,,,,,,,,
"4545",,,604,,,,,,,,,,,,,,
"4548",,1395,,,,,,,148,,,,,,,,
"4561",1945,,,2415,,,,,,,,,,,,,
"4569",,,,,,,,3634,149,,,,,,,,
"4570",,1396,,,,,,,,,,,,,,,
"4580",,1397,,,,,,,,,,,,,,,
"4584",1946,,,,,,,,,,,,,,,,
"4591",1947,,,,,,,,,,,,,,,,
"4594",,1398,,,,,,,150,,,,,,,,
"4596",,,605,,,,,,,,,,,,,,
"4601",,1399,,,,,,,,,,,,,,,
"4604",,,606,,,,,,,,,,,,,,
"4606",1948,,,,3221,,,,,,,,,,,,
"4608",,1400,,,,,,,,,,,,,,,
"4613",,1401,,,,,,,,,,,,,,,
"4614",1949,,,,,,,,,,,,,,,,
"4617",1950,,,,,,,,,,,,,,,,
"4618",,,,,,,,,151,,,,,,,,
"4619",,,607,,,,1132,,,,,,,,,,
"4621",1951,,,,,,,,,,,,,,,,
"4624",1952,,,,,,,,,,,,,,,,
"4626",,,,,,,,,152,,,,,,,,
"4627",,,,,,,,,,,1077,,,,,,
"4631",,1402,608,,3222,,,,,,,2799,,,,,
"4637",,1403,,,,,,3635,,,,,,,,,
"4639",,,,,,,,,153,,,,,,,,
"4645",1953,,,,,,,,154,,,,,,,,
"4646",,1404,,,,,,,,,,,,,,,
"4648",1954,,,,3223,,,,,,,,,,,,
"4649",,,,,3224,,,,,,,,,,,,
"4657",,1405,,,,,,,,,,,,,,,
"4660",,,,,,,,,,,1078,,,,,,
"4662",1955,,,,,,,,,,,,,,,,
"4663",,,,,3225,,,,,,,,,,,,
"4665",,,,,,,,,155,,,,,,,,
"4666",,1406,,,,,,,,,,,,,,,
"4667",,,,,,,,,156,,,,,,,,
"4668",1956,,,,,,,,,,,,,,,,
"4678",,,609,,,,,,,,,,,,,,
"4679",,,610,,,,,,,,,,,,,,
"4684",,,,,,,,,,,,,3446,,,,
"4685",,1407,,,,,,,,,,,,,,,
"4695",1957,,,,,,,,,,,,,,,,
"4697",,,,,,,,,,,1079,,,,3766,,
"4702",1958,,,,3226,,,,,,,,,,,,
"4705",,,,,,,,,,,1080,,,,,,
"4710",,,,2416,,,,,,,,,,,,,
"4711",,,,2417,,,,,,,,,,,,,
"4712",,,,2418,,,,,,,,,,,,,
"4713",,,,,,,,,,,1081,,,,,,
"4714",,,,2419,,,,,,,,,,,,,
"4717",,,,2420,,,,,,,,,,,,,
"4720",,1408,,,,,,,,,,,,,,,
"4725",,,,2421,,,,,,,,,,,,,
"4729",1959,,,,,,,,,,,,,,,,
"4730",1960,,,2422,,,,,,,,,,,,,
"4731",1961,,,2423,3227,2670,,,,,,,,,,,
"4732",,,,,,,1133,,,,,,,2956,,,
"4733",,,,2424,,,,,,,,,,,,,
"4737",,,,,,,,,,,,,,,,2561,
"4738",,,,2425,,,,,,,,,,2957,,,3781
"4739",,,611,,,,,,,,,,,,,,
"4740",,,612,,,,,,,,,,,,,,
"4741",,,,,3228,,,,,,,,3447,,,,
"4743",,,,2426,,,,,,,,,,,,,
"4744",,,,2427,,,,,,,,,,,,,
"4745",1962,,,,,,,,,,,,,,,,
"4746",,1409,,,,,,,,,,,,,,,
"4747",,1410,,,,,,,,,,,,,,,
"4753",,,,,,,,,157,,,,,,,,
"4758",,,613,,,,,,,,,,,,,,
"4759",,,,,,,,,158,,,,,,,,
"4766",,,,2428,,,,,,,,,,,,,
"4769",,,,,,,,3636,,,,,,,,,
"4771",,,614,,,,,,,,,,,,,,
"4774",,,,2429,,,,,,,,,,,,,
"4778",,,,2430,,,,,,,,,,,,,
"4779",1963,,,,,,,,,,,,,,,,
"4780",,,,2431,,,,,,,,,,,,,
"4781",,,,2432,,,,,,,,,,,,2562,
"4785",,,615,,,,,,,,,,,,,,
"4786",,,,,,,,,,,,2800,,2958,,,
"4787",,,616,,,,,,,,,,,2959,,,
"4789",,,617,,,,,,,,,,,,,,
"4793",1964,,,,,,,,,,,,,,,,
"4798",1965,,,,,,,,,,,,,,,,
"4799",,1411,,,,,,,,,,,,,,,
"4800",1966,,,,,,,,,,,,,,,,
"4803",1967,,,2433,3229,,,,,,,,3448,,,,
"4807",,,618,,,,,,,,1082,,,,,,
"4812",1968,,,,,,,,,,,,,,,,
"4813",1969,,,,,,,,,,,,,,,,
"4817",,,619,,,,,,,,,,,,,,
"4818",,,620,,,,,,,,,,,,,,
"4821",,,,2434,,,,,,,,,,,,,
"4825",,,,2435,,,,,,,,,,,,,
"4826",1970,,,,,,,,,,,,,2960,,,
"4827",,,621,,,,,,,,,,,,,,
"4832",,,622,,,,,,,,,,,,,,
"4834",,,623,,,,,,,,,,,,,,
"4839",1971,,,,,,,,,,,,,,,,
"4843",,,,,,,,3637,,,,,,,,,
"4848",,,,2436,,,,,,,,,,,,,
"4853",1972,,,,,,,,,,,,,,,,
"4857",,,624,,,,,,,,,,,,,,
"4864",,,,2437,,,,,,,,,,,,,
"4866",,,625,,,,,,,,,,,,,,
"4870",1973,,,,,,,,,,,,,,,,
"4879",,1412,,,,,,,,,,,,,,,
"4881",,1413,,,,,,,,,,,,,,,
"4882",,,626,,,,,,,,,,,,,,
"4886",,1414,,,,,,3638,,,,2801,,,,,
"4889",1974,,,,,,,,,,,,,,,,
"4892",1975,,,,,,,,,,,,,,,,
"4894",,,,,3230,,,,,,,,,,,,
"4898",,,627,,,,,,,,,,,,,,
"4899",,,628,,,,,,,,,,,,,,
"4903",,,,,,,,3639,,,,,,,,,
"4905",,,,,,,,,,,,,,,3767,,
"4910",,,,,,,,,159,,,,,,,,
"4911",,,629,,,,,,,,,,,,,,
"4912",,,630,,,,,,,,,,,,,,
"4913",,,631,,,,,,,,,,,,,,
"4914",,1415,,,,,,,,,,,,,,,
"4916",,,,,,,,3640,,,,,,,,,
"4918",1976,1416,,,,,,,,,,,,,,,
"4920",,1417,,,,,,,,,,,,,,,
"4926",1977,,,,,,,,,,,,,,,,
"4927",,,,,3231,,,,,,,,,,,,
"4934",,,,2438,,,,,,,,,,,,,
"4940",,,,,,,,,,,,2802,,,,,
"4941",,,,,3232,,,,,,,,,,,,
"4944",,,632,,,,,,,,,,,,,,
"4948",,,,,,2671,,,,,,,,,,,
"4949",,,,,,,,,,,,2803,,,,,
"4959",1978,,,,,,,,,,,,,,,,
"4960",,,633,,,,,,,,,,,,,,
"4961",,,,,,,,,,,1083,,,,,,
"4963",,1418,,,,,,,,,,,,,,,
"4965",,,,2439,,2672,,,,,,,,,,,
"4967",1979,,,,,,,,,,,,,,,,
"4970",1980,,,,,,,,,,,,,,,,
"4979",,1419,,,,,,,,,,,,,,,
"4986",,,,,,,,,,,,2804,,,,,
"4990",,,,,,,,,,,,,,2961,,,
"4993",,,,,,,,,,,,,,2962,,,
"4998",1981,,,,3233,,,,,,,2805,,2963,,,
"5000",,1420,,,,,,,,,,,3449,,,,
"5004",1982,1421,,,,,,,,,,,,2964,,,
"5006",,,634,,,,,,,,,,,,,,3782
"5008",,,,,3234,,,,,,,,,,,,
"5009",,,635,,,,,,,,,,,,,,
"5013",,1422,,,,,,,,,,,,,,,
"5014",,,636,,,,,,,,,,,,,,
"5020",,,,,,,,3641,,,,,,,,,
"5021",,,,,,,,,160,,,,,,,,
"5025",1983,,,,,,,,,,,,,,,,
"5030",1984,,,,,,,,,,,,,,,,
"5033",1985,,,,,,,,,,,,,,,,
"5042",,1423,637,,3235,,,,,,,2806,,,,,
"5050",,1424,,,,,,,,,,,,,,,
"5054",,,,,,,,,161,,,,,,,,
"5063",,1425,,,,,,,,,,,,,,,
"5065",,,638,,,,,,,,,,,,,,
"5067",,,,,,,,3642,,,,,,,,,
"5068",,,,2440,,,,,,,,,,,,,
"5069",1986,,,,,,,,,,,,,,,,
"5072",,,,,,,1134,,,,,,,,,,
"5075",,,639,,,,,,,,1084,,,,,,
"5077",,,,,,2673,,,,,,,,,,,
"5078",,,,,,,,,,,,,,2965,,,
"5080",,,,,,,,,,,,,,,,2563,
"5084",,,,,,,,,,,1085,,,,,,
"5086",,,640,,,,,,,,,,,,,,
"5089",1987,,,,3236,,,,,,,,,,,,
"5102",,,,,,,,3643,,,,,,,,,
"5108",,,,,,,,,,,,,,,,2564,
"5109",,,,2441,,,,,,,,,,,,,
"5123",,,,,,,,,162,,,,,,,,
"5126",,,,,,,,,163,,,,,,,,
"5128",,,,,,,,3644,164,,,,,,,,
"5133",,,,,,2674,,,,,1086,,,,,,
"5144",,,,,3237,2675,,,,,,2807,,,,,
"5145",,,,,,,,3645,,,,,,,,,
"5157",1988,,,,,,,,,,,,,,,,
"5158",,,641,,,,,,,,,,,,,,
"5162",,1426,,,,,,,165,,,,,,,,
"5163",,,642,,,,,,,,,,,,,,
"5166",,,,,3238,,,,,,,,,,,,
"5168",,1427,,,,,,,166,,,,,,,,
"5169",,,,2442,,,,,,,,,,,,,
"5175",,1428,,,,,,,,,,,,,,,
"5176",1989,,,,,,,,,,,,,,,,
"5178",1990,,,,,,,,,,,,,,,,
"5179",1991,,,,,,,,,,,,,,,,
"5181",,1429,,,,,,,,,,,,,,,
"5187",1992,,,,,,,,,,,,,,,,
"5193",,,,,,,,,,,,,,,,2565,
"5195",1993,,,,,,,,,,,,,,,,
"5201",1994,,,2443,,,,,,,,,,,,,
"5202",,,,,3239,,,,,,,,,,,,
"5206",,,643,,,,,,,,,,,,,,
"5207",1995,,,,,,,,,,,,,,,,
"5208",,1430,,,,,,,,,,,,,,,
"5210",,,,2444,,2676,,,,35,,,,,,,
"5213",,,644,,,,,,,,,,,,,,
"5217",,,,,,,,3646,,,,,,,,,
"5218",,,,,,,,,,,,,,,,2566,
"5220",,,,,,,,3647,,,,2808,,,,,
"5222",,,645,,,,,,,,,,,,,,
"5223",,,646,,,,,,,,,,,,,,
"5224",,,647,,,,,,,,,,,,,,
"5228",,,648,,,,,,,,,,,,,,
"5233",,,,,3240,,,,,,,,,,,,
"5236",,,,,,,,,,,,2809,,,,,
"5238",1996,,,,3241,,,,,,,,,,,,
"5245",,,,2445,,,,,,,,,,,,,
"5247",,,,,,,,,,,,,,2966,,,
"5250",,1431,,,,,,,,,,,,,,,
"5252",,1432,,,,,,,167,,,,,,,,
"5253",,,,,3242,,,3648,,,,,,,,,
"5259",,,,,,,,,168,,,2810,,,,,
"5261",1997,,,,,,,,,,,,,,,,
"5263",,1433,,,,,,,169,,,,,,,,
"5265",1998,,,,,,,,,,,,,,,,
"5272",1999,,,,,,,,,,,,,,,,
"5274",,1434,,,,,,,,,,,,,,,
"5275",,1435,,,,,,,,,,,,,,,
"5277",,,,,,,,,170,,,,,,,,
"5282",,,,,3243,,,,,,,,,,,,
"5285",2000,,,,,,,,,,,,,,,,
"5288",2001,,,,,,,,,,,,,,,,
"5289",,,,2446,,,,,,,,,,,,,
"5295",2002,,,,,,,,,,,,,,,,
"5297",2003,,,,,,,,,,,,,,,,
"5299",,,649,,,,,,,,,,,,,,
"5300",,,650,,,,,,,,,,3450,,,,
"5306",,,651,,,,,,,,,,,,,,
"5309",,,,,,,,,,,,2811,,,,,
"5320",,,,,3244,,,,,,,,,,,,
"5323",,,,,,,,3649,,,,,,,,,
"5324",,,,,,,,,,,,,,,,2567,
"5328",,,,2447,,,,,,,,2812,,,,,
"5330",,,,,3245,,,,,,,,,,,,
"5332",2004,,,,,,,,,,,,,,,,
"5335",,,,,,2677,,,,,,,,,,,
"5341",,1436,,,,,,,,,,,,,,,
"5342",,,652,,,,,,,,,,,,,,
"5349",,,653,,,,,,,,,,,,,,
"5355",2005,,,,,,,,,,,,,,,,
"5361",2006,,,,,,,,,,,,,,,,
"5365",,,,,,,,,171,36,,,,,,,
"5366",,,,,,,,,,37,,,,,,,
"5367",,,654,,,,,,,,,,,,,,
"5369",,,,,,,,,,,,,3451,,,,
"5372",,,,,3246,,,,,,,,,,,,
"5373",,1437,,,,,,,,,,,,,,,
"5385",,,655,,,,,,,,,,,,,,
"5390",,,656,,,,,,,,,,,,,,
"5391",2007,,,2448,3247,,,,,,,,,,,,
"5393",2008,,,,,,,,,,,,,,,,
"5394",,,,,,,,,,,,2813,,,,,
"5395",,,,,,,,,172,,,,,,,,
"5400",2009,,,,,,,,,,,,,,,,
"5408",,,657,,,,,,,,,,,,,,
"5421",,1438,,,,,,,,,,,,,,,
"5423",,,,,3248,,,,,,,,,,,,
"5426",2010,,,,,,,,,,,,,,,,
"5427",2011,,,,,,,,,,,,,,,,
"5429",,,658,,,,,,,,,,,,,,
"5432",2012,,,,3249,,,,,,,,,,,,
"5434",,,659,,,,,,,,,,,,,,
"5435",,,,,,,,,,,,,,2967,,,
"5437",,,660,,,,,,,,,,,,,,
"5442",,1439,,,,,,,,,,,,,,,
"5444",,,,,,,,,,,,,,2968,,,
"5446",2013,,,,,,,,,,,,,,,,
"5449",,,,,,,,,173,,,,,,,,
"5453",,,,2449,,,,,,,,,,,,,
"5456",,,,2450,,,,,,,,,,,,,
"5463",,1440,,,,,,,,,,,,,,,
"5471",2014,,,2451,,,,,,,,,,,,,
"5474",,,,,,,,,,,,,,,,2568,
"5475",,,661,,,,,,,,,,,,,,
"5480",2015,,,,,,,,,,,,,,,,
"5488",2016,,,,,,,,,,,,,,,,
"5494",,,662,,,,,,,,,,,,,,
"5504",,,,,,,,,,38,,,3452,,,,
"5506",,,663,,,,,,,,,,,,,,
"5509",,,,,,,,3650,,,,,,,,,
"5510",,,,,,,,,,,,,3453,,,,
"5515",,,,2452,,,,,,,,,,,,,
"5516",,,664,,,,,,,,,,,,,,
"5525",2017,,,2453,,2678,,,,,,,,2969,3768,2569,
"5526",2018,,,,,,,,,,,,,,,,
"5529",,,,2454,,,,,,,,,,,,,
"5534",2019,,,,,,,,,,,,,,,,
"5543",,1441,,,,,,,,,,,,,,,
"5546",2020,,,,,,,,,,,,,,,,
"5552",2021,,,,,,,,,,,,,,,,
"5560",,1442,,,,,,,,,,,,,,,
"5561",,,,,,,,,,39,,,,,,,
"5562",,,,,3250,,,,174,,,,,,,,
"5563",,,,,,,,,,,,2814,,,,,
"5572",,,665,,,,,,,,,,,,,,
"5581",2022,,,,,,,,,,,,,,,,
"5587",2023,,,,,,,,,,,,,,,,
"5594",2024,,,,,,,,,,,,,,,,
"5596",,1443,,,,,,,,,,,,,,,
"5597",2025,,,,3251,,,,,,,,,,,,
"5601",,,,2455,,,,,,,,,,,,,
"5602",,1444,,,,,,,,,,,,,,,
"5604",,,,,3252,,,,,,,,,,,,
"5606",,,,,,,,,,,,2815,,2970,,,
"5608",2026,,,,,,,,,,,,,,,,
"5613",,,,2456,,,,,,,,,,2971,,,
"5614",,,,,,,,3651,,,,,,,,,
"5615",,,,2457,,2679,,,,40,,,,,,,
"5620",,,666,,,,,,,,,,,,,,
"5621",,,667,,3253,,,,,,,,,,,,
"5622",2027,,,,,,,,,,,,,,,,
"5624",,,,,3254,,,,,,,,,,,,
"5626",,,668,,,,,,,,,,,,,,
"5630",,,669,,,,,,,,,,,2972,,,
"5632",,,,,,,,,,,,,3454,,,,
"5633",2028,,,,,,,,,,,,,,,,
"5634",2029,,,,,,,,,,,,,,,,
"5635",,,670,,,,,,,,,,,,,,
"5640",2030,,,,3255,,,,,,,,,,,,
"5642",,1445,,,,,,,,,,,,,,,
"5643",,,,,,,,3652,,,,,,,,,
"5646",,,,,,,,,175,,,,,,,,
"5650",,1446,,,,,,,,,,,,,,,
"5653",,1447,,,,,,,,,,,,,,,
"5654",,,,2458,3256,,,,,41,,,,,,,
"5656",,,,,,2680,,,,,,,,,,,
"5658",2031,,,,,,,,,,,,,,,,
"5659",,,671,,,,,,,,,,,,,,
"5660",,1448,,,,,,,,,,,,,,,
"5665",,,,,3257,,,,,,,,3455,,,,
"5670",,,672,,,,,,,,,,,,,,
"5673",,,673,,,,,,,,,,,,,,
"5677",,,,,3258,,,3653,,,,,,,,,
"5678",,1449,,,,,,,176,,,,,,,,
"5679",,,,,,,,,,,1087,,,,,,
"5683",,,,,,,,,177,,,,,,,,
"5684",,1450,,,,,,,,,,,,,,,
"5692",,,,,,,,,,,,2816,,,,,
"5695",,,,,,,,3654,,,,,,,,,
"5708",,,,,,,,,,,,,,2973,,,
"5711",2032,,,,,,,,,,,,,,,,
"5712",,,,,3259,,,,,,,,,,,,
"5716",,,674,,,,,,,,,,,,,,
"5717",,,675,,,,,,,,,,,,,,
"5718",,,676,,,,1135,,178,,,,,,,,3783
"5719",,,677,,,,,,,,,,,,,,
"5725",,1451,,,,,,,,,,,,2974,,,
"5731",,,,,,,,,,,,,,,,2570,
"5734",2033,,,,,,,,,,,,,,,,
"5735",,,678,,,,,,,,,,,,,,
"5739",,1452,,,,,,3655,,,,,,,,,
"5745",2034,,,,,,,,,,,,,,,,
"5750",,1453,,,,,,,,,,,,,,,
"5754",,,,,,,,,,,,,,,3769,,
"5761",,,679,,,,,,,,,,,,,,
"5765",,,680,,,,,,,,,,,,,,
"5768",2035,,,,,,,,,,,,,,,,
"5770",,,,2459,,,,,,,,,,,,,
"5782",,,,,3260,,,,,,,,,,,,
"5789",,,681,,,,,,,,,,,,,,
"5790",,,682,,,,,,,,,,,,,,
"5791",,,,,,,,3656,179,,,,,,,,
"5792",,,,,,,,,180,,,,,,,,
"5794",2036,,683,,3261,,,,,,,,,,,,
"5795",,,684,,,,,,,,,,,,,,
"5796",,,,,,,,,,,,2817,3456,,,,
"5798",2037,,,,,,,,,,,,,,,,
"5803",,1454,,,,,,,,,,,,,,,
"5809",2038,,,,,,,,,,,,,,,,
"5810",,,,,,,,,,,,,3457,,,,
"5818",,,685,,,,,,,,,,,,,,
"5821",2039,,,,,,,,,,,,,,,,
"5823",,1455,,,,,,3657,,,,,,,,,
"5827",,1456,,,,,,,,,,,,,,,
"5828",,1457,,,3262,,,,181,,,,,,,,
"5831",,,,2460,,,,,,,,,,,,,
"5832",,,,,,,,3658,,,,,,,,,
"5835",2040,,,,,,,,,,,,,,,,
"5841",2041,,,,,,,,,,,,,,,,
"5842",,,686,,,,,,,,,,,,,,
"5845",2042,,,,,,,,,,,,,,,,
"5848",,,,,3263,,,3659,,,,,,,,,
"5850",,,,,,,,,,,,,,,,2571,
"5853",,,687,,,,,,,,,,,,,,
"5861",2043,,,,,,,,,,,,,,,,
"5864",2044,,,,,,,,,,,,,,,,
"5868",,,,,,,,,,,,,,,,2572,
"5869",,,,,,,,3660,,,,,,,,,
"5872",,,688,,,,,,,,,,3458,,,,
"5873",,1458,,,,,,,,,,,,,,,
"5875",,,689,2461,,,,,,,,,,,,,
"5876",,1459,,,,,,,,,,,,,,,
"5882",,,690,,,,,,,,,,3459,,,,
"5883",2045,,,,,,,,,,,,,,,,
"5889",,,,,,,,,,,,,,2975,,,
"5892",,,,,,,,3661,,,,,,,,,
"5897",,,691,,,,,,,,,,,,,,
"5905",,,692,,,2681,,,182,,,,,,,,
"5907",2046,,,,,,,,,,,,,,,,
"5910",,,693,,,,,,,,,,,,,,
"5913",,,,,,,,,183,,,,,,,,
"5914",,,,,,,,3662,,,,,,,,,
"5918",,,,,3264,,,,,,,,,,,,
"5921",,,694,,,,,,,,,,,,,,
"5938",,,695,,,,,,,,,,,,,,
"5939",2047,,,,,,,,,,,,,,,,
"5948",2048,,,,,,,,,,,,,,,,
"5950",,,,2462,,,,,,,,,,,,,
"5954",2049,,,,,,,,,,,,,,,,
"5955",2050,,,,,,,,,,,,,,,,
"5956",,,696,,,,,,,,,,,,,,
"5963",,,,2463,,,,,,,,,,,,,
"5965",2051,,,,3265,,,,,,,,,,,,
"5969",,,697,,,,,,,,,,,,,,
"5977",,,698,,,,,,,,,,,,,,
"5981",,,,,,,,,,,,,,,,2573,
"5982",,,699,,,,,,,,,,,,,,
"5988",,,,,,,,3663,,,,,3460,,,,
"5996",,,700,,,,,,,,,,,,,,
"6000",,,701,,,,,,,,,,,,,,
"6006",,,,,3266,,,,,,,,,,,,
"6007",,,702,,,,,,,,,,,,,,
"6012",2052,,,,,,,,,,,,,,,,
"6016",,,703,,,,,,,,,,,,,,
"6017",,,704,,,,,,,,,,,,,,
"6019",,,705,,,,,,,,,,,,,,
"6020",2053,,,,,,,,,,,,,,,,
"6027",,,706,,,,,,,,,,,,,,
"6034",,1460,,,,,,,,,,,,,,,
"6041",,,,,3267,,,,,,,,3461,,,,
"6045",,,,,,,,,,,,2818,,,,,
"6046",,,707,,,,,,,,,,,,,,
"6048",,,,,,,,3664,,,,,,,,,
"6049",,,,2464,,,,,,,,,,,,2574,
"6050",,,,,,,,,184,,,,,,,,
"6052",,,708,,,,,,,,,,,,,,
"6054",,,,,,,,,185,,,,,,,,
"6059",,,,,,,,,,,,2819,,,,,
"6062",,1461,,,,,,,,,,,,,,,
"6064",,,,,,2682,,,,,,,3462,,,,
"6069",,,,,,,,,186,,,,,,,,
"6071",2054,,,,,,,,,,,,,,,,
"6072",,,,2465,,,,,,,,,,,,,
"6082",,,709,,,,,,,,,,,,,,
"6087",,,710,,,,,,,,,,,,,,
"6088",,,,,,,,,,,1088,,,,,,
"6095",2055,,,,,,,,,,,,,,,,
"6096",,,711,,,,,,,,,,,,,,
"6100",2056,,,,3268,,,,,,,,,,,,
"6106",,1462,,,,,,,,,,,,,,,
"6115",,,,,,,,,187,,,,,,,,
"6116",2057,,,,,,,,,,,,,,,,
"6121",,,,,,,,,,42,,,,,,,
"6122",,1463,,,,,,,188,,,,,,,,
"6126",,,,,,,,3665,,,,,,,,,
"6131",,,712,,,,,,,,,,,,,,
"6141",,,713,,,,,,,,,,,,,,
"6142",,,,,,,,3666,189,,,,,,,,
"6153",,,714,,,,,,,,,,,,,,
"6158",,,,,3269,,,,190,,,,,,,,
"6160",,1464,,,,,,,,,,,3463,,,,
"6162",,,,,,,,3667,,,,,,,,,
"6166",,,,,,,,3668,,,,,,,,,
"6170",,,,,,,,,,,1089,,,,,,
"6173",,,715,,,,,,,,,,,,,,
"6174",2058,1465,,,3270,,,,,,,2820,,2976,,,
"6176",2059,,,,3271,,,,,,,,,2977,,,
"6181",,,,2466,,,,,,,,2821,,2978,,,
"6182",,1466,,,,,,,,,,2822,,,,2575,3784
"6183",2060,,,,,,,,,,,,,,,,
"6185",,,,,,,,3669,,,,,,,,,
"6186",,,716,,,,,,,,,,,,,,
"6189",2061,,,,,,,,,,,,,,,,
"6194",,,717,,,,,,,,,,,,,,
"6195",2062,,,,,,,,191,,,,,2979,,,
"6197",2063,,,,,,,,,,,,,,,,
"6199",2064,,,,,,,,,,,,,,,,
"6200",,,718,,,,,,,,,,,,,,
"6202",,,719,,,,,,,,,,,,,,
"6204",,1467,,,3272,,,,,,1090,2823,,,,2576,
"6206",2065,,,,,,,,,,,,,,,,
"6212",2066,,,,,,,,,,,,,,,,
"6213",,,720,,,,,,,,,,,,,,
"6215",,,,2467,,,,,,,,,,,,,
"6218",2067,,,,,,,,,,,,,,,,
"6221",,1468,,,,,,,,,,,,,,,
"6223",,,,2468,,2683,1136,,,,1091,,,,,,
"6225",2068,,,,,,,,,,,,,,,,
"6226",2069,,,,,,,,,,,,,,,,
"6227",2070,,,,,,,,,,,,,,,,
"6229",,1469,,,,,,,,,,,,,,,
"6230",,1470,,,,,,,,,,,,,,,
"6233",,,,2469,,2684,,,,,,,,,,,
"6237",,,,,,2685,,,,,,,,,,,
"6243",,,,,,,1137,,,,,,,,,,
"6245",,,,,,,,3670,,,,,,,,,
"6248",,,721,,,,,,,,,,,,,,
"6255",,,722,,3273,,,,,,,,,,,,
"6257",,,723,,,,,,,,,,,,,,
"6260",,1471,,,,,,,,,,,,,,,
"6262",,,,,,,,,,,,,3464,,,,
"6264",,,,,3274,,,,,,,,,,,,
"6265",,1472,,,,,,,,,,,,,,,
"6267",,1473,,,,,,,,,,,,,,,
"6270",,,,,,,,,,,,,,,3770,,
"6281",,,,,,,,3671,,,,,3465,,,,
"6286",,1474,,,,,,,,,,,,,,,
"6287",,,724,,,,,,,,,,,,,,
"6291",,,725,,,,,,,,,,,,,,
"6294",,,726,,,,,,,,,,,,,,
"6295",,,727,,,,,,,,,,,,,,
"6296",,,,,3275,,,3672,,,,2824,,,,,
"6299",,,728,,,,,,,,,,,,,,
"6302",,,729,,,,,,,,,,,,,,
"6304",2071,,730,,,,,,,,,,,,,,
"6307",,,,,,2686,,,,,,,,,,,
"6309",,,731,,,,,,,,,,,,,,
"6316",,,,,,2687,,,,,,,,,,,
"6318",,,732,,,,,,,,,,,,,,
"6319",,,,,3276,,,,,,,,,,,,
"6320",,,,,,,,,,,,,,,,2577,
"6324",,,733,,,,,,,,,,,,,,
"6326",2072,,,,,,,,,,,,,,,,
"6328",,,734,,,,,,,,,,,,,,
"6333",2073,,,,,,,,,,,,,2980,,,
"6342",,,735,,,,,,,,,,,,,,
"6343",,,,2470,3277,,,,,,,,,,,,
"6354",,,736,,,,,,,,,,,,,,
"6355",,1475,,,,,,,,,,,3466,,,,
"6364",2074,,,,,,,,,,,,,,,,
"6365",2075,,,,,,,,,,,,,,,,
"6380",,,737,,,,,,,,,,,,,,
"6385",,,738,,,,,,,,,,,,,,
"6386",,,739,,,,,,,,,,,,,,
"6395",2076,,,,,,,,,,,,,,,,
"6396",,,,,,,,,,,,,,,3771,,
"6398",,,740,,,,,,,,,,,,,,
"6399",,,741,,,,1138,,,,,,,,,,
"6400",,,742,,,,,,,,,,,,,,
"6402",,,743,,,,,,,,,,,,,,
"6403",,,744,,,,,,,,,,,,,,
"6404",,,745,,,2688,,,,,,,,,,,
"6408",2077,,,,,,,,,,,,,,,,
"6410",2078,,,,,,,,,,,,,,,,
"6411",,,746,,,,,,,,,,,,,,
"6412",,,,,,,,,,,,,,2981,,,
"6424",,,747,,,,,,,,,,,,,,
"6436",,1476,,,,,,,,,,2825,,,,,
"6439",,,,,,,,,192,,,,,,,,
"6440",2079,,,,,,,,,,,,,,,,
"6441",,,748,,,,,,,,,,,,,,
"6449",,1477,,,,,,,,,,,,,,,
"6451",,,,,,,,3673,,,,2826,,,,,
"6453",,,,,,,,,,,1092,,,,,,
"6456",,1478,,,,,,,,,,,,,,,
"6464",,,,,,,,,193,,,,,,,,
"6465",,1479,,,3278,,1139,3674,,,,,,,,,
"6470",2080,,,,,,,,,,,,,,,,
"6473",,,,2471,,,,,,,,,,,,,
"6474",,,,2472,,,,,,,1093,,,,,,
"6475",2081,,,,,,,,,,,,,,,,
"6477",,,749,,,,,,,,,,,,,,
"6486",2082,,,,,,,,,,,,,,,,
"6491",,,,,3279,,,3675,,,,,,,,,
"6494",2083,,750,2473,,2689,,,,,,,,,,,
"6498",,,,,3280,,,,,,,2827,,,,,
"6499",2084,,,,,,,,,,,,,,,,
"6501",,,751,,,,,,,,,,,,,,
"6504",,,,,3281,,,,,,,,,,,,
"6505",,,752,,,,,,,,,,,,,,
"6507",,,753,,,,,,,,,,,,,,
"6510",2085,,,,,,,,,,,,,,,,
"6514",2086,,,,3282,,,,,,,,,,,,
"6517",,,,,,,,3676,,,,,,,,,
"6518",,,,,,,,,,,,,,2982,,,
"6519",,,754,,,,,,,,,,,,,,
"6522",2087,,,,,,,,,,,,,,,,
"6523",2088,,,,,,,,,,,,,,,,
"6524",,1480,,,,,,,,,,,,,,,
"6539",2089,,,,,,,,,,,,,,,,
"6544",,1481,,,,,,,,,,,,,,,
"6549",2090,,,,,,,,,,,,,,,,
"6550",,,,,3283,,,,,,,,,,,,
"6551",,,755,,,,,,,,,,,,,,
"6554",,,756,2474,,,,,,,,,,,,,
"6559",,1482,,,,,,,,,,,,,,,
"6564",2091,,,,,,,,,,,,,,,2578,
"6566",,,,,3284,,,,,,,,,,,,
"6578",,,757,,,,,,,,,,,,,,
"6579",,,758,,,,,,,,,,,,,,
"6581",,,759,,,,,,,,,,,,,,
"6590",,1483,,,,,,,,,,,,,,,
"6593",,,,,,,,,,,,2828,,2983,,,
"6599",2092,,,,,,,,,,,,,,,,
"6603",2093,,,,,,,,,,,,,,,,
"6605",,,760,,,,,,,,,,,,,,
"6606",,,,,,,,,,,,2829,,,,,
"6608",,,,,,,,,,,,,3467,2984,,,
"6609",,,761,,,,,,,,,,,,,,
"6610",,,,,3285,,,,,,,,,,,,
"6611",2094,,,,,,,,,,,,,,,,
"6613",,1484,,,3286,,,,,,,,,,,,
"6615",,,,,3287,,,3677,,,,,,,,,
"6623",,,,,,,,,,,,,,2985,,,
"6629",2095,,,,,,,,,,,,,,,,
"6633",,,,,,,,3678,,,,,,,,,
"6634",2096,,,,3288,,,3679,,,,,,,,,
"6636",,,,,,,,3680,194,,,,,,,,
"6649",,,,,,,1140,,,,,,,,,,
"6652",2097,,,,,,,,,,,,,,,,
"6657",,1485,,,,,,,,,,,,,,,
"6663",,,,,,,,,,,,,,,,2579,
"6670",,,,,3289,,,,,,,,3468,,,,
"6673",,,,,,,,,195,,,,,,,,
"6678",2098,,,,,,,,,,,,,,,,
"6690",2099,,,,,,,,,,,,,,,,
"6697",,,,,,,,,,,,,3469,,,,
"6702",,,,,3290,,,,,,,,,,,,
"6709",,1486,,,,,,,,,,,,,,,
"6710",2100,1487,,,,,,,,,,,,,,,
"6714",,,,,,,,,,,,,3470,,,,
"6715",2101,,,,,,,,,,,,,,,,
"6722",,,,,,,,3681,,,,,,,,,
"6724",,,,,,2690,,,,,,,,,,,
"6727",,,,,,,,,,,,,,2986,,,
"6731",,1488,,,,,,,,,,,,,,,
"6734",,,762,,,,,,,,,,,,,,
"6736",,,,,,,,,,,,,,2987,,,
"6739",,,,,,,,,196,,,,,,,,
"6740",2102,,,,,,,,,,,,,,,,
"6743",,,,,,,,,,,,,3471,,,,
"6744",,,763,,,,,,,,,,,,,,
"6745",,,764,,,,,,,,,,,,,,
"6747",2103,,,,,,,,,,,,,,,,
"6748",2104,1489,,2475,,,,,,,,,,,,,
"6753",,,765,,,,,,,,,,,,,,
"6756",,,766,,,,,,,,,,,,,,
"6758",,1490,,,,,,,,,,,,,,,
"6759",2105,,,,,,,,,,,,,2988,,,
"6762",2106,,,,,,,,,,,,,,,,
"6763",2107,,,,3291,,,,,,,,,,,,
"6765",2108,,,,,,,3682,,,,,,,,,
"6767",2109,1491,,2476,3292,,,,,,,2830,,2989,,,
"6779",,1492,,,,,,,,,,,,,,,
"6783",,,767,,,,,,,,,,,,,,
"6787",,,768,,,,,,,,,,,,,,
"6789",,,,2477,,,,,,,,,,,,,
"6791",,,,,,,,3683,,,,,,,,,
"6798",2110,,,,3293,,,,,,,,,,,,
"6800",2111,1493,,,,,,,,,,,,,,,
"6805",,,,,3294,,,,197,,,,,,,,
"6807",2112,,,,,,,,,,,,,,,,
"6810",,,,,,,,,,,,,,2990,,,
"6814",,1494,,,,,,,,,,,,,,,
"6818",,,,,,,,3684,,,,,,,,,
"6822",,1495,,,,,,,,,,,,,,,
"6825",,,769,,,,,,,,,,,,,,
"6828",2113,,,,,,,,,,,,,,,,
"6834",,1496,770,,,,,,,,,,,,,,
"6846",,,,,3295,,,3685,,,,,,,,,
"6850",,1497,,,,,,,,,,,,,,,
"6856",,,771,,,,,,,,,,,,,,
"6863",,,,,,,,,,43,,,,,,,
"6866",,,772,,,,,,,,,,,,,,
"6870",2114,,773,,,,,,,,,,,,,2580,
"6877",,,774,,,,,,,,,,,,,,
"6878",,,775,,,2691,,,,,,,,,,2581,
"6879",,,,,,2692,,,,,,,,,,,
"6881",,,776,,,,,,,,,,,,,,
"6882",,,777,,,,,,,,,,,,,,
"6883",,,778,,,,,,,,,,,,,,
"6884",,,779,,,,,,,,,,,,,,
"6885",,,780,,,,1141,,,,,,,,,,
"6886",,,781,,,,,,,,,,,,,,
"6887",,,782,,,,,,,,,,,,,,
"6888",2115,,,,,,,,,,,,,,,,
"6897",,,783,,,,,,,,,,,,,,
"6903",,,,,,,,3686,,,,,,,,,
"6904",2116,1498,,,,,,,,,,,,,,,
"6906",,,,,,,,,198,,,,,,,,
"6910",,,784,,,,,,,,,,,,,,
"6911",2117,,,,,,,,,,,,,,,,
"6912",,,,,,,,,,,,,,,3772,,
"6914",2118,,,,,,,,,,,,,,,,
"6915",2119,,,,,,,,,,,,,,,,
"6918",2120,,,,,,,,,,,,,,,,
"6919",,,,2478,,,,,,,,,,,,,
"6921",,,785,,,,,,,,,,,,,2582,
"6923",,1499,,,,,,,,,,,,,,,
"6928",,1500,,,,,,3687,,,,,,,,,
"6931",,,,,,,,,,,,,3472,,,,
"6932",2121,,,,,,,,,,,,,,,,
"6933",,,,,,,,,,,,,3473,,,,
"6934",,,786,,,,,,,,,,,,,,
"6936",,,,,3296,,,,,,,2831,,,,,
"6940",,,,,3297,,,,,,,,,,,,
"6949",,,,,,,,,,,,,3474,,,,
"6951",,,,,,,,,,,,,,,,2583,
"6961",,,,,,,,3688,,,,,,,,,
"6962",,,,,,,1142,,,,,,,,,,
"6970",,,787,,,,,,,,,,,,,,
"6973",2122,,,,,,,,,,,,,,,,
"6979",2123,,,2479,3298,,,3689,,,,,,,,,
"6989",,,,,,2693,,,,,,,,,,,
"6994",,1501,,,,,,,,,,,,,,,
"6996",,,,2480,,,,,,,,,,,,2584,
"7003",,,,,,,,,,,,,,2991,,,
"7005",,,788,,,,,,,,,,,,,,
"7012",2124,,,,3299,,,,,,,,,,,,
"7016",,1502,,,,,,,,,,,,,,,
"7017",,,,,,,,,,,,,,2992,,,
"7018",,1503,,,,,,,,,,,,,,,
"7020",2125,,,,,,,,,,,,,,,,
"7022",,,789,,,,,,,,,,,,,,
"7032",,,790,,,,,,,,,,,,,,
"7034",,,,,,,,3690,,44,,,,,,,
"7036",,,791,,,,,,,,,,,,,,
"7037",,,,,3300,,,,,,,,3475,,,,
"7043",2126,,,,3301,,,,,,,,,,,,
"7046",,1504,,,,,,,199,,,,,,,,
"7054",2127,,,,3302,,,,,,,,,,,,
"7059",,1505,,,,,,,,,,,,,,,
"7061",,,,,,,,,200,,,,,,,,
"7062",,,792,,,,1143,,,,,,,,,,
"7063",2128,1506,,,,,,,,,,,,,,,
"7065",2129,,,2481,,,,,,,,,,,,,
"7068",,,,,,,,3691,,,,,,,,,
"7077",,,793,,,,,,,,,,,,,,
"7082",,,794,,,,,,,,,,,,,,
"7097",,,,,,,,,,,,,3476,,,,
"7102",,,,,3303,,,3692,,,,,3477,,,,
"7108",,,795,,,,,,,,,,,,,,
"7115",2130,,,,,,,,,,,,,,,,
"7116",2131,,,,3304,,,,,,,,,,,,
"7129",,,796,,,,,,,,,,,,,,
"7134",,,797,,,,,,,,,,,,,,
"7136",,,798,,,,,,,,,,,,,,
"7138",,1507,,,,,,,,,,,,,,,
"7141",2132,,,,3305,,,,,,,,,,,,
"7144",,1508,,,,,,,,,,,,,,,
"7156",2133,,,,,,,,,,,,,,,,
"7160",,,799,,,,,,,,,,,,,,
"7164",,1509,,,,,,,,,,,,,,,
"7167",,,,2482,,,,,,,,,,,,,
"7168",,,,,,,,3693,,,,,,,,,
"7171",,,,,,,,,201,,,,,,,,
"7173",2134,,,2483,3306,,,,,,,,,,,,
"7174",,,,,,,,,,,,2832,3478,,,,
"7176",,,800,,,,,,,,,,,,,,
"7178",2135,1510,,,,,,,,,,,,,,,
"7182",2136,,801,,,,,,,,,,,,,,
"7183",,,,,,2694,,3694,,,,,,,,,
"7186",2137,,,,,,,,,,,,,,,,
"7191",,,802,,,,,,,,,,,,,,
"7198",,,,,,,,3695,,,,,,,,,
"7200",2138,,,,,,,,,,,,,,,,
"7202",,,,,,,1144,,,,,,,,,,
"7203",,1511,,,,,,,,,,,,,,,
"7204",,,803,,,,,,,,,,,,,,
"7209",,,804,,,,,,,,,,,,,,
"7215",,,805,,,,,,,,,,,,,,
"7217",,,,,3307,,,,,,,2833,3479,,,,
"7218",,,,,3308,,,,,,,,,,,,
"7221",,,806,,,,,,,,,,,,,,
"7223",2139,,,,,,,,,,,,,,,,
"7224",,,,2484,,,,,,,,,,,,2585,
"7228",,,,,,,,,,,,,3480,,,,
"7231",,,,,,,,,,,1094,,,,,,
"7232",,,,,,,,,,,,,3481,,,,
"7235",,1512,,,,,,,,,,,,,,,
"7237",,,,2485,,,,,,,,,,2993,,,
"7241",,,807,,,,,,,,,,,,,,
"7242",2140,,,,3309,,,3696,,,,,,,,,
"7244",,,808,,,,,,,,,,,,,,
"7245",2141,,,,,,,,,,,,,,,,
"7249",,,,,,,,,202,,,,,,,,
"7253",,,809,,,,,,,,,,,,,,
"7257",2142,,,,,,,,,,,,,,,,
"7258",,,810,,,,,,203,,,,,,,,
"7266",,,,,,,,,,,,,,2994,,,
"7271",,,,,3310,,,,,,,,,,,,
"7272",,1513,811,,,,,,,,,,,,,,
"7274",,,812,,,,,,,,,,,,,,
"7275",,,,,,,,3697,,,,,,,,,
"7277",,,,,3311,,,,,,,,,,,,
"7281",2143,,,,,,,,,,,,,,,,
"7284",,1514,,,,,,,,,,,,,,,
"7288",,,813,,,,,,,,,,,,,,
"7289",,1515,,,,,,,,,,,,,,,
"7290",2144,,,,,,,,,,,,,,,,
"7291",2145,,,,3312,,,,,,,,,,,,
"7292",,,814,,,,,,,,,,,,,,
"7295",,,815,,,,,,,,,,,,,,
"7298",,,816,,,,,,,,,,,,,,
"7299",,,,2486,,,,,,,,,,,,,
"7300",,,817,,,,,,,,,,,,,,
"7305",,,818,,,,,,,,,,,,,,
"7312",,,819,,,,,,,,,,,,,,
"7315",,,820,,,,,,,,,,,,,,
"7321",2146,,,,,,,,,,,,,,,,
"7332",,,,,3313,,,,,,,,,,,,
"7334",,,,,,,,,204,,,,,,,,
"7339",,,,,,,,,205,,,,,,,,
"7340",,,821,,,,,,,,,,,,,,
"7344",,,822,,,,,,,,,,,,,,
"7346",,,,,,,,,,,,,3482,,,,
"7347",,,823,,,,,,,,,,,,,,
"7353",,,,,,2695,,,,,,,,,,,
"7355",,,,,,,,3698,206,,,,,,,,
"7356",,1516,,,,,,,,,,,,,,,
"7357",,,824,,,,,,,,,,,,,,
"7363",,,825,2487,,,,,,,,,,,,,
"7366",,1517,,,,,,,,,,,,,,,
"7375",,,826,,,,,,,,,,,,,,
"7377",,,827,,,,,,,,,,,,,,
"7378",,,,,,,,,207,,,,,,,,
"7380",,,828,,,,,,,,,,,,,,
"7386",2147,,,,3314,,,,,,,,,,,,
"7392",2148,,829,,,,,,,,,,,,,2586,
"7393",,,,,,,,,208,,,,,,,,
"7394",,,830,,,,,,,,,,,,,,
"7396",2149,,,,,,,,,,,,,,,,
"7399",,,831,,,,,,,,,,,,,,
"7410",2150,,,,,,,,,,,,,,,,
"7411",2151,,,,,,,,,,,,,,,,
"7417",,,832,,,,,,,,,,,,,,
"7418",2152,,,,,,,,,,,,,,,,
"7420",,,,,,,,3699,,,,,,,,,
"7423",,,833,,,,,,,,,,,,,,
"7425",,,834,,,,,,,,,,,,,,
"7430",,,,,,,,,,,,,,2995,,,
"7431",2153,,,,,,,,,,,,,,,,
"7436",,,835,,,,,,,,,,,,,,
"7439",,,,,,,,,,,,,,2996,,,
"7446",,1518,,,,,,,,,,,,,,,
"7454",2154,,,,,,,,,,,,,,,,
"7458",2155,,,,,,,,,,,,,,,,
"7469",,,,,,,,,,,,,,,,2587,
"7471",,,836,,,,,,,,,,,,,,
"7472",,,,2488,,,,,,,,,,,,,
"7477",,,837,,,,,,,,,,,,,,
"7479",,1519,,,,,,,,,,,,,,,
"7481",,1520,,,,,,,,,,,,,,,
"7483",,,,,,,,,,,,,,,,2588,
"7485",,1521,,,,,,,,,,,,,,,
"7490",2156,,,,3315,,,,,,,2834,,2997,,,
"7494",,,,,,,,,,,,,,2998,,,
"7500",,,,,,,,,209,,,,,,,,
"7502",,1522,,2489,,2696,,,,,1095,,,,3773,2589,
"7507",,,838,,,,,,,,,,,,,,
"7508",,1523,,,,,,,,,,,,,,,
"7509",,1524,,,,,,,,,,,,,,,
"7515",,,839,,,,,,,,,,,,,,
"7518",,,,,,2697,,,,,,,,,,,
"7520",,,840,,,,,,,,,,,,,,
"7522",,,,,,,,,,,,2835,,,,,
"7534",2157,,,,,,,,,,,,,,,,
"7535",,,,,3316,,,,,,,,,,,,
"7537",2158,,,,,,,,,,,,,,,,
"7539",,,841,,,,,,,,,,,,,,
"7540",,,,,,,,,,,,2836,,,,,
"7542",2159,,,,,,,,,,,,,,,,
"7543",,1525,,,,,,,210,,,,,,,,
"7545",,1526,,,,,,,,,,,,,,,
"7558",,,842,,,,,,,,,,,,,,
"7560",2160,,,,3317,,,,,,,,,,,,
"7561",,,843,,,,1145,,,,,,,,,,
"7566",,,844,,,,,,,,,,,,,,
"7570",,,845,,,,,,,,,,,,,,
"7573",,,,,,,,,,,,2837,,2999,,,
"7574",,,846,,,,,,,,,,,,,,
"7576",,,847,,,,,,,,,,,,,,
"7585",,,,,3318,,,3700,,,,,,,,,
"7587",2161,,,,,,,,,,,,,,,,
"7591",2162,,,,,,,,,,,,,,,,
"7592",,,848,,,,,,,,,,,,,,
"7597",,,,,,,,3701,,,,,,,,,
"7599",,1527,,,,,,,,,,,,,,,
"7603",2163,,,,,,,,,,,,,,,,
"7604",,,,,,,,,211,,,,,,,,
"7608",2164,,,,,,,,,,,,,,,,
"7615",,,,,,,,3702,,,,,,,,,
"7616",,,849,,,,,,,,,,,,,,
"7622",2165,,,,,,,,,,,,,,,,
"7625",,,850,,,,,3703,,,,,,,,,
"7629",,1528,,,,,,,,,,,,,,,
"7633",,,,,3319,,,,,,,,,,,,
"7636",,,,,,,1146,3704,212,,,,,,,,
"7641",2166,,,,,,,,,,,,,,,,
"7644",,,851,,,,,,,,,,,,,,
"7648",2167,,,,,,,,,,,,,,,,
"7652",,,,,,,,,213,,,,,,,,
"7653",,,,,,,,,,,,,3483,,,,
"7654",2168,,,,3320,,,,,,,,,,,,
"7657",2169,,,2490,,,,,,,,,,,,,
"7660",2170,,,,,,,,,,,,,,,,
"7668",,,852,,,,,,,,,,,,,,
"7671",,,,,,,,,,,,,,,,2590,
"7674",2171,,,,,,,,,,,,,,,,
"7675",2172,,,,,,,,,,,,,,,,
"7679",2173,,,,,,,,,,,,,,,,
"7681",2174,,,,,,,,,,,,,,,,
"7683",,1529,,,,,,,,,,,,,,,
"7692",,,853,,,,,,,,,,,,,,
"7696",,1530,,,,,,,,,,,,,,,
"7707",,,,2491,,,,3705,,,,,,,,2591,
"7708",,,,,,,,3706,,,,,,,,,
"7709",,,,,,,,,,,,,,3000,,,
"7716",,1531,,,,,,,,,,,,,,,
"7733",,,854,,,,,,214,,,,,,,,
"7735",,,855,,,,,,,,,,,,,,
"7737",,1532,,,,,,,,,,,,,,,
"7740",,,856,,,,,,,,,,,,,,
"7742",,1533,,,3321,,,3707,,,,,,,,,
"7747",,,,,,,,3708,,,,,,,,,
"7754",,,857,,,,,,,,,,,,,,
"7757",,,,,,,,,,,,,3484,,,,
"7761",,,858,,,,,,,,,,,,,,
"7762",2175,,,,,,,,,,,,,,,,
"7763",,,,2492,,,,,,,,,,,,,
"7764",,1534,,,,,,,,,,,,,,,
"7767",,,859,,,,,,,,,,,,,,
"7775",,,860,,,,,,,,,,,,,,
"7783",,,861,,,,,,,,,,,,,,
"7784",,1535,,,,,,,,,,,,,,,
"7785",,1536,,,3322,,,,,,,,,,,,
"7789",,,,2493,,,,,,,,,,,,,
"7790",,,,,,,,,215,,,,,,,,
"7793",2176,,,,,,,,,,,,,,,,
"7797",,,,,,,,3709,,,,,,,,,
"7799",,,862,,,,,,,,,,,,,,
"7800",,,,,3323,,,,,,,,,,,,
"7801",,,,2494,,,,,,,,,,,,,
"7803",,,,,,2698,,,,,,,,,,,
"7810",,1537,,,3324,,,3710,,,,,,,,,
"7811",,,863,,,,,,,,,,,,,,
"7812",,,864,,,,,,,,,,,,,,
"7813",,,,,,,,,,,,,,3001,,,
"7818",,1538,,,,,,,,,,,,,,,
"7822",,,,,,,,3711,,,,,,,,,
"7826",,,,,,,,,,,,,3485,,,,
"7831",2177,,,,,,,,,,,,,,,,
"7833",,,,2495,,,,,,,,,,,,,
"7837",,,,,3325,,,3712,,,,,,,,,
"7841",2178,1539,,,,,,,,,,,,,,,
"7843",,,,,,,,3713,216,,,,,,,,
"7844",,1540,,,,,,,,,,,,,,,
"7846",2179,,,,,,,,,,,,,,,,
"7850",,,865,,,,,,,,,,,,,,
"7855",,1541,866,,,,,,,,,,,,,,
"7856",,,,,3326,,,3714,,,,,,,,,
"7859",,,,,,,,,,,,,,3002,,,
"7860",2180,,,,,,,,,,,,3486,,,,
"7863",,1542,,,,,,,,,,,,,,,
"7865",,,,2496,,,,,,,,,,,,2592,3785
"7869",,1543,,,,,,,,,,,,,,,
"7881",,1544,,,,,,,,,,,,,,,
"7885",2181,,,,,,,,,,,,,,,,
"7886",,1545,,,,,,,,,,,,,,,
"7888",,1546,,,3327,,,3715,217,,,2838,3487,,,,
"7889",,1547,,,3328,,,,,,,2839,3488,,,,
"7896",,,867,,,,,,,,,,,,,,
"7897",,,868,,,,,,,,,,,,,,
"7903",,,,,,,,,,,,,3489,,,,
"7907",,1548,,,,,,,,,,,,,,,
"7908",2182,,,,,,,,,,,,,,,,
"7914",2183,,,,,,,,,,,,,,,,
"7917",2184,,,,,,,,,,,,,,,,
"7924",,1549,,,,,,,,,,,,,,,
"7927",,,869,,,,,,,,,,,,,,
"7934",,1550,,,,,,,,,,,,,,,
"7937",,,870,,,,,,,,,,,,,,
"7946",,,871,,,,,,,,,,,,,,
"7947",,,872,,,,,,,,,,,,,,
"7949",,,,,,2699,,,,,,,,,,,
"7951",,,,,,,,,218,,,,,,,,
"7952",,,,,3329,,,,,,,,3490,,,,
"7956",,1551,,,,,,,,,,,,,,,
"7957",,,,,,,,,,,,2840,,,,,
"7960",2185,,,,,,,,,,,,,,,,
"7961",,,873,,,,,,,,,,,,,,
"7962",,1552,,,,,,,219,,,,,,,,
"7963",,1553,,,,,,,220,,,,,,,,
"7966",2186,,,,,,,,,,,,,,,,
"7967",,,,2497,,,,,,,,,,,,,
"7971",,,,,,,,,221,,,,,,,,
"7973",,1554,,,,,,,,,,,,,,,
"7983",,,874,,,,,,,,,,,,,,
"7984",,,875,,,,,,,,,,,,,,
"7987",,1555,,,,,,,,,,,,,,,
"7989",,,876,,,,,,,,,,,,,,
"7991",,,877,,,,,,,,,,,,,,
"8007",,,878,,,,,,,,,,,,,,
"8009",2187,1556,,,3330,,,3716,,,,,,,,,
"8010",,,879,,,,,,,,,,,,,,
"8013",,1557,880,,,,,,,,,,,,,,
"8017",2188,,,,,,,,,,,,,,,,
"8023",,,881,,3331,,,,,,,,,,,,
"8026",,,,,,,,,,,,,3491,,,,
"8033",2189,,,,,,,,,,,,,,,,
"8034",,,882,,,,,,,,,,,,,,
"8036",,,883,,,,1147,,,,,,,,,,
"8044",,,,,,2700,,,,,,,,,,,
"8046",,1558,,,,,,,,,,,,,,,
"8047",2190,,,,,,,,,,,,,,,,
"8055",2191,,,,,,,,,,,,,,,,
"8059",,1559,,,,,,,,,,,,3003,,,
"8061",,,,,,,,,,,,2841,,3004,,,
"8064",,,,2498,,,,,,,,,,,,,
"8066",,,,,,2701,1148,,,,,,,,,,
"8075",,1560,,,,,,,,,,,,,,,
"8087",,,884,,,,,,,,,,,,,,
"8090",2192,,,,,,,,,,,,,,,,
"8091",,,,,,2702,,,,,,,,,,,
"8092",2193,,,,,,,,,,,,,,,,
"8093",,1561,,,,,,,,,,,,,,,
"8095",,,,,3332,,,,,,,,,,,,
"8096",,,885,,,,,,,,,,,,,,
"8101",,,886,,,,,,,,,,,,,,
"8102",,,887,,,,,,,,,,,,,,
"8104",2194,,,,,,,,,,,,,3005,,2593,
"8105",2195,,,,,,,3717,,,,,,,,,
"8109",,,,,,,,,,,,,,3006,,2594,
"8113",2196,,,,,,,,,,,,,,,,
"8115",,,,,,,,,222,,,,3492,,,,
"8116",2197,,,,,,,,,,,2842,,,,,
"8129",2198,,,,,,,,,,,,,,,,
"8131",,,,,,,1149,,,,,,,,,,
"8133",,,888,,,,,,,,,,,,,,
"8137",,1562,,,,,,,,,,2843,,,,,
"8139",2199,,,,,,,,,,,,,,,,
"8141",2200,,,,,,,,,,,,,,,,
"8143",,1563,,,,,,,,,,,,,,,
"8144",,1564,,,,,,,,,,,,,,,
"8145",,1565,,,,,,,,,,,,,,,
"8147",2201,,,,,2703,,,,,,,,,,,
"8149",2202,,,,,,,,,,,,,,,,
"8151",,,889,,,,,,,,,,,,,,
"8154",,,890,,,,,,,,,,,,,,
"8158",,,,,,,,3718,,,,,,,,,
"8161",,,,,,,,,,,,,,3007,,,
"8163",,1566,,,,,,,,,,,,,,,
"8164",,,,,,2704,,,,,,,,,,,
"8165",,,891,,,,,,,,,,,,,,
"8169",,1567,,,3333,,,,,,,,,,,,
"8173",,,892,,,,,,,,,,,,,,
"8178",,,,,,,,3719,223,,,,,,,,
"8179",2203,,,,,2705,,,,,,,,,,,
"8181",,1568,,,,,,,,,,,,,,,
"8183",2204,,,,,,,,,,,,,,,,
"8188",2205,,,,3334,,,,,,,,,,,,
"8190",,,,,,2706,,,,,,,3493,,,,
"8192",2206,,,,,2707,,,,,,,,,,,
"8196",2207,,,,,,,,,,,,,3008,,,
"8198",2208,,,,,,,,,,,,,,,,
"8206",,,893,,,,,,,,,,,,,,
"8207",,,,,,,1150,,,,,,,,,,
"8210",,,,,3335,,,,,,,,,,,,
"8213",2209,,,2499,,2708,,,,,,,,,,,
"8214",2210,,,,,2709,,,,,,,,,,,
"8215",,,,,3336,,,,,,,,,,,,
"8223",,,,,,,1151,,,,,,,,,,
"8224",2211,,,,,2710,,,,,,,,,,,
"8226",,,894,,,,1152,,,,,,,,,,
"8227",,,895,,,,,,,,,,,,,,
"8231",2212,,,,,,,,,,,,,,,,
"8232",,,896,,,,,,,,,,,,,,
"8234",2213,,,,,,,,,,,,,,,,
"8235",2214,,,,,,,,,,,,,,,,
"8238",,,,,,2711,,,,,,,3494,,,,
"8248",,,897,,,,,,,,,,,,,,
"8252",,,898,,,,,,,,,,,,,,
"8254",2215,,,,,,,,,,,,,,,,
"8255",,,899,,,,,,,,,,,,,,
"8260",,,,,3337,,,,,,,,,,,,
"8261",,1569,,,,,,,,,,,,,,,
"8263",2216,,,,,,,,,,,,,,,,
"8264",2217,,,,,2712,,,,,,,,,,,
"8266",,1570,,,,,,,,,,,,,,,
"8268",,,,,,,,,,,,,,3009,,,
"8269",,,,,3338,,,,,,,,,,,,
"8271",2218,,,,3339,,,,,,,,,,,,
"8280",,,900,,,,,,,,,,,,,,
"8287",,,,,,,,,,,,,,3010,,,
"8291",,,901,,,,,,,,,,,,,,
"8295",,1571,,,,,,,,,,,,,,,
"8301",,1572,,,,,,,,,,,,,,,
"8302",,,902,,,,,,,,,,,,,,
"8303",,,,,,,,3720,224,,,,,,,,
"8311",,,,,,,,3721,,,,,,,,,
"8325",,1573,,,,,,,,,,,,,,,
"8326",2219,,,,,,,,,,,,,,,,
"8330",,,903,,,,,,,,,,,,,,
"8333",,1574,,,3340,,,,,,,,,,,,
"8334",2220,,,,,,,,,,,,,,,,
"8338",,,904,,,,,,,,,,,,,,
"8339",,,905,,,,,,,,,,,,,,
"8341",,,,,,,,3722,,,,,,,,,
"8343",2221,,,,,,,,,,,,,,,,
"8346",,,906,,,,,,,,,,,,,,
"8353",,1575,,,3341,,,,,,,2844,3495,,,,
"8356",2222,,,,,,,,,,,,,,,,
"8361",,,,,,,,,,,,,,,,2595,
"8363",,,,,,,,,,,,,,,,2596,
"8367",2223,,,,3342,,,3723,,,,,,,,,
"8368",,,,,,,,,,,,2845,,3011,,,
"8369",,,,,,,,,,,,,3496,,,,
"8372",2224,,,,,,,,,,,,,,,,
"8374",,,,,,,,,,,,,3497,,,,
"8376",,1576,,,,,,,,,,,,,,,
"8381",,1577,,2500,,,,,,,,,3498,,,2597,
"8383",,1578,,,,,,,,,,,,,,,
"8388",,,907,,,,,,,,,,,,,,
"8394",,,908,,,,,,,,,,,,,,
"8398",,,,,,,,,,45,,,,,,2598,
"8400",2225,1579,,2501,,,,,,,,2846,,3012,,,
"8401",2226,,,,,,,,,,,,,,,,
"8404",,,,,,,,,,,,,,,,2599,
"8406",,,909,,,,,,,,,,,,,,
"8414",,,910,,,,,,,,,,,,,,
"8416",2227,,,,,,,,,,,,,,,,
"8420",,,911,,,2713,,,,,,,,,,,
"8423",,,,,,,,3724,,,,,,,,,
"8434",,,,,,,,,,,,2847,,,,,
"8437",2228,,,,,,,,,,,,,,,,
"8438",2229,,,,,,,,,,,,,,,,
"8440",2230,,,,,,,,,,,,,,,,
"8443",,,912,,,,,,,,,,,,,,
"8444",2231,,,,,,,,,,,,,,,,
"8445",2232,,,,,,,,,,,,,,,,
"8455",,,913,,,,,,,,,,,,,,
"8462",,,914,,,,,,,,,,,,,2600,
"8467",2233,,,,,,,,,,,,,,,,
"8468",,,915,,,,,,,,,,,,,,
"8473",,1580,,,,,,,,,,,,,,,
"8492",,1581,,,,,,,,,,,,,,,
"8507",,,,,,,,,,,,2848,,,,,
"8508",,,916,,,,,,,,,,,,,,
"8509",,,,,,,,,225,,,,,,,,
"8513",2234,,,,,,,,,,,,,,,,
"8514",,1582,,,,,,,226,,,,,3013,,,
"8518",,1583,,,,,,,,,,,,,,,
"8525",,1584,,,,,,,,,,,,,,,
"8527",,,917,,,,,,,,,,,,,,
"8533",2235,,,,3343,,,,,,,,,,,,
"8536",,,,2502,,2714,,,,,,,,,,,
"8537",,,918,,,,,,,,,,,,,,
"8539",,,,,,,,,,,,,,,,2601,
"8546",,,919,,,,,,,,,,,,,,
"8559",,,920,,,,,,,,,,,,,,
"8566",,,921,,,,,,,,,,,,,,
"8568",,,,,3344,,,,,,,2849,3499,,,,
"8569",,,,,,,,,,,,2850,,,,,
"8571",,,,,,,,,,,,2851,,,,,
"8572",,,,2503,,2715,,,,,,,,,,,
"8574",,,,,,,,,,,1096,2852,,3014,,,
"8576",,,,,,,,3725,,,,,,,,,
"8587",,1585,,,,,,,,,,,,,,,
"8593",,,,,3345,,,,,,,,,,,2602,
"8595",,,,,,,,,,,,,3500,,,,
"8596",,,922,,,,,,,,,,,,,,
"8599",,,923,,,,,,,,,,,,,,
"8604",,,924,,,,,,,,,,,,,,
"8605",2236,,,,,,,,,,,,,,,,
"8609",,1586,,,,,,,,,,,,,,,
"8611",,,,,,,,,,,,,3501,,,,
"8620",2237,,,,,,,,,,,,,,,,
"8621",2238,,,,,,,,,,,,,,,,
"8622",,,925,,,,,,,,,,,,,,
"8625",,,,,,,,,,,,2853,,,,,
"8628",,,926,,,,,,,,,,,,,,
"8630",2239,,,,,,,,,,,,,,,,
"8631",,1587,,,,,,,,,,,,,,,
"8633",2240,,,,,,,,,,,,,,,,
"8638",2241,,,,,,,,,,,,,,,,
"8640",,1588,,,3346,,,,,,,,,,,,
"8641",,,,,,,,3726,,,,,,,,,
"8646",,,,,,,,,,,,,3502,,,,
"8647",,,,,,,,,,,,,,3015,,,
"8648",,,927,,,,,,,,,,,,,,
"8658",2242,,,,,,,,,,,,,,,,
"8662",,,,,3347,,,,,,,,,,,,
"8663",2243,,,,,,,,,,,,,,,,
"8674",,,,,,,,3727,,,,,,,,,
"8676",,,928,,,,,,,,,,,,,,
"8683",2244,,,,3348,,,,,,,,,,,,
"8691",,,,,,,,,,,1097,,,,,,
"8692",2245,,,,,,,,,,,,,,,,
"8700",,,,,,,1153,3728,,,1098,2854,,,,,
"8701",,,929,,,,,,,,,,,,,,
"8703",,,930,,,,,,,,,,,,,,
"8707",,1589,931,,,,,,,,1099,,,,,,
"8708",,,932,,,,,,,,,,3503,,,,
"8709",,1590,933,,,,,,,,,,,,,,
"8712",2246,1591,,2504,,,,,,,,,,,,,
"8718",,,934,,,,,,,,,,,,,,
"8729",,1592,,,3349,,,,227,,,,,,,,
"8731",,1593,,,,,,,,,,,,,,,
"8737",,,,,,,,,,,,,,3016,,,
"8743",,,935,,,2716,,,,,,2855,,,,,
"8745",2247,,,,,2717,,,,,,,,,,,
"8746",,1594,,,3350,,,3729,228,,,2856,3504,,,,
"8756",,,936,,,,,,,,,,,,,,
"8757",,1595,,,,,,,,,,,,,,,
"8775",,,,,,2718,,,,46,,,,,,2603,
"8776",,1596,,,,,,,,,,,,,,,
"8780",,,,,3351,,,,,,,,,,,,
"8781",,,,,,,,3730,,,,,,,,,
"8791",2248,,,,,,,,,,,,,,,,
"8792",,,,,3352,,,3731,,,,,,,,,
"8793",,,937,,,,,,,,,,,,,,
"8795",2249,,,,3353,,,,,,,,,,,,
"8799",,1597,,,,,,,,,,,,,,,
"8801",,,938,,,,,,229,,,,,,,,
"8805",,,,,,,,,,,,2857,,,,,
"8806",,,939,,,,,,,,,,,,,,
"8807",,,940,,,,,,,,,,,,,,
"8808",,,941,,,,,,,,,,,,,,
"8812",,,942,,,,,,,,,,,,,,
"8815",,,943,,,,,,,,,,,,,,
"8817",2250,,,,3354,,,,,,,,,,,,
"8818",,,944,,,,,,,,,,,3017,,,
"8821",,,,,,,,,230,,,,,,,,
"8823",,1598,,,,,,,,,,,,,,,
"8831",,,,,,,,,231,,,,,,,,
"8832",,,,,,,,,232,,,,,,,,
"8835",,,945,,,,,,,,,,,,,,
"8838",,,,2505,,2719,,,,,1100,,,,,2604,
"8839",,,946,,,,,,,,,,,,,,
"8842",,,947,,,2720,,,,,,,,,,,
"8843",,,,,3355,,,,,,,,,,,,
"8847",,1599,,,,,,,,,,,,,,,
"8848",2251,,,,,,,,,,,,,,,,
"8854",2252,,,,,,,,,,,,,,,,
"8857",2253,,,,,,,,,,,,,,,,
"8862",,,948,,,,,,,,,,,,,,
"8864",,1600,,,,,,,,,,,,,,,
"8865",,,,,,,,,,,,,,3018,,,
"8868",,,,,,,,,233,,,,,,,,
"8869",,,,2506,,2721,1154,,,47,,,,,,,
"8877",,,949,,,,,,,,,,,,,,
"8878",,,950,,,,,,,,,,,,,,
"8879",,,951,,,,,,,,,,,,,,
"8880",,,952,,,,,,,,,,,,,,
"8888",,,,,,,,,234,,,,,,,,
"8889",,,953,,,,,,,,,,,,,,
"8890",,,,,,,,,,48,,,,,,,
"8891",,,,,,,,,,,,,,,,2605,
"8892",,,954,,,,,,,,,,,,,,
"8893",,,,2507,,,,,,,,,,,,,
"8895",,,,,,,,,,,,,3505,,,,
"8897",2254,,,,,,,,,,,,,,,,
"8900",,,955,,,,,,,,,,,,,,
"8903",,,956,,,,,,,,,,,,,,
"8907",,1601,,,,,,,,,,2858,,,,,
"8911",2255,,,,,,,,,,,,,,,,
"8915",,,957,,,,,,,,,,,,,,
"8917",2256,,,,,,,,,,,,,,,2606,
"8918",,,958,,,,,,,,,,,,,,
"8921",,,959,,,,,,,,,,,,,,
"8923",,,960,,,,,,,,,,,,,,
"8926",2257,,,,3356,,,,,,,,,,,,
"8933",,1602,,,,,,,,,,,,,,,
"8936",2258,,,,3357,,,,,,,,,,,,
"8937",,,,2508,,,,,,,,,,,,,
"8938",2259,,,,,,,,,,,,,,,,
"8939",2260,,,,,,,,,,,,,,,,
"8941",,1603,961,,,,,,,,,,,,,,
"8942",,,,,,,,,,,,,3506,,,,
"8943",,,,,,,,,,,,,3507,,,,
"8944",,,,,,,,,,,,,3508,,,,
"8950",,1604,,,3358,,,3732,,,,2859,,,,,
"8951",,1605,962,,,,,,,,,,,,,,
"8959",,1606,,,,,,,,,,,,,,,
"8960",,,963,,,,,,,,,,,,,,
"8963",,,964,,,,,,,,,,,,,,
"8964",,1607,,,,,,,,,,,,,,,
"8966",,1608,,,,,,,,,,,,,,,
"8969",,,,,,,,,,,,,3509,,,,
"8970",,,965,,,,,,,,,,,,,,
"8971",,,,,,,,,,,,,3510,,,,
"8977",,,966,,,,,,,,,,,,,,
"8980",,,967,,,,,,,,,,,,,,
"8981",,,968,,,,,,,,,,,,,,
"8982",,,969,,,,,,,,,,,,,,
"8983",,,970,,,,,,,,,,,,,,
"8984",,,,,,,,,,,,,3511,,,,
"8986",,,,,3359,,,,,,,2860,,3019,,,
"8990",,,,,,,,,,,,2861,,,,,
"8992",,,,,,2722,,,,,,,,,,,
"8993",,,,,,,,,,,1101,,,,,,
"8997",,,,,,,,,,,,2862,,,,,
"8998",,,,,,,,,235,,,,,,,,
"9008",,,971,,,,,,,,,,,,,,
"9009",,,972,,,,,,,,,,,,,,
"9016",2261,,,,3360,,,,,,,,,,,,
"9019",,1609,,,,,,,,,,,,,,,
"9020",,,973,,,,,,,,,,,,,,
"9022",,,974,,,,,,,,,,,,,,
"9023",2262,,,,,,,,,,,,,,,,
"9025",,,975,,,,,,,,,,,,,,
"9026",2263,,,,,,,,,,,,,,,,
"9033",,,976,,,,,,,,,,,,,,
"9035",,,,,,,1155,,,,,,,,,,
"9042",,,,,,,,,236,,,,,,,,
"9043",,,977,,,,,,,,,,,,,,
"9044",,1610,,,3361,,,,,,,2863,,,,,
"9050",,1611,,,,,,,,,,,,,,,
"9052",,1612,,2509,,2723,,3733,,,,,3512,,,2607,
"9054",,,,,,,,,,,,,3513,,,,
"9057",,1613,,,,,,,,,,,,,,,
"9059",,,978,,,,,,,,,,,,,,
"9061",,,,,,,,,,,,,3514,,,,
"9063",,,979,,,,,,,,,,,,,,
"9065",,,,,,,,,237,,,,,,,,
"9072",,,,,,,,3734,,,,,,,,,
"9078",,,980,,,,,,,,,,,,,,
"9079",,1614,,,,,,,238,,,,,,,,
"9080",,1615,,,,,,3735,,,,,,,,,
"9081",,1616,,,,,,,,,,,,,,,
"9083",,,981,,,,,,,,,,,,,,
"9093",2264,,,,,,,,,,,,,,,,
"9095",,,,,,,,,,,,,3515,,,,
"9096",,,982,,,,,,,,,,,,,,
"9113",2265,,,,,,,,,,,,,,,,
"9114",,,,,3362,,,,,,,,,,,,
"9115",,,,,,,,,,,,,3516,,,,
"9116",,,,,,,,,,,,2864,,,,,
"9118",,,983,,,,,,,,,,,,,,
"9120",,,984,,,,,,,,,,,,,,
"9123",,,,,,,,,239,,,,,,,,
"9125",,,985,,,,,,,,,,,,,,
"9126",,,986,,,,,,,,,,,,,,
"9135",,,987,,,,,,,,,,,,,,
"9136",,1617,,,,2724,,,,,,,,,,,
"9138",,,988,,,,,,,,,,,,,,
"9143",,,,,3363,,,,,,,,,,,,
"9154",2266,1618,,,3364,,,,,,,2865,,,,,
"9159",,,,,,,,,,,,,3517,,,,
"9160",,,989,,,,,,,,,,,,,,
"9163",,,990,,,,,,,,,,,,,,
"9170",,,991,,,,,,,,,,,,,,
"9172",2267,,,,,,,,,,,,,,,,
"9177",2268,,,,,,,,,,,,,,,,
"9181",2269,,,,,,,,,,,,,,,,
"9183",,,,2510,,2725,,,,49,,,,,,,
"9191",2270,,,,,,,,,,,,,,,,
"9197",,,992,,,,,,,,,,,,,,
"9198",,1619,993,,,,,,,,,,,,,,
"9204",,,994,,,,,,,,,,,,,,
"9221",,,,,,,,,240,,,,,,,,
"9224",,,,,,,,,,,1102,,,,,,
"9227",2271,,,,3365,,,,,,,,,,,,
"9234",,,,,,2726,,,,,,,,,,,
"9236",,,995,,,,,,,,,,,,,,
"9237",,,,,3366,,,,,,,,,,,,
"9242",,,,,3367,,,,,,,,,,,,
"9243",,1620,,,,,,,,,,,,,,,
"9244",,,,,,,,3736,,,,,,,,,
"9248",,,,,,,,3737,,,,,,,,,
"9253",,,996,,,,,,,,,,,,,,
"9265",,1621,,,,,,,,,,,,,,,
"9266",,,997,,,,,,,,,,,,,,
"9268",2272,,,,3368,,,,,,,,,,,,
"9269",,,998,,,,,,,,,,,,,,
"9271",,,,,,,,,,,,,,,,2608,
"9275",,,,,,,,,241,,,,,,,,
"9282",2273,,,,3369,,,,,,,,,,,,
"9283",,,999,,,,,,,,,,,,,,
"9303",,,1000,,,,,,,,,,,,,,
"9310",,,1001,,,,,,,,,,,,,,
"9311",2274,,,,3370,,,,,,,,,,,,
"9312",,,1002,,,,,,,,,,,,,,
"9313",,,,,3371,,,,,,,,,,,,
"9315",,1622,,,,,,,,,,,,,,,
"9321",2275,,,,,,,,,,,,,,,,
"9323",,,,,,,,3738,,,,,,,,,
"9325",,,,2511,,,,,,,,,,,,,
"9326",,,1003,,,,,,,,,,,,,,
"9335",2276,,,,,,,,,,,,,,,,
"9337",,,,,,2727,,,,,,,,,,,
"9345",2277,,,,3372,,,,,,,,,,,,
"9348",2278,,,,,,,,,,,,,,,,
"9353",,,1004,,,,,,,,,,,,,,
"9355",,1623,,,,,,,,,,,,,,,
"9359",,1624,1005,,,,,,,,,,,,,,
"9360",,,1006,,,,,,,,,,,,,,
"9362",2279,,,,,,,,,,,,,,,,
"9370",,,1007,,,,,,,,,,,,,,
"9375",,1625,,,,,,,,,,,,,,,
"9376",2280,,,,3373,,,,,,,2866,,,,,
"9379",2281,,,,3374,,,,,,,,,,,,
"9380",,,,,3375,,,,,,,,,,,,
"9381",,1626,,,,,,,,,,,,,,,
"9385",,,,2512,,,,,,,,,,,,,
"9386",,,,,,,,,,,,,,,,2609,
"9398",2282,,,,3376,,,,,,,,,,,,
"9400",,,,2513,,,,,,50,,,,,,,
"9401",,,1008,,,,,,,,,,,,,,
"9405",,,1009,,,,,,,,,,,,,,
"9409",,,1010,,,,,,,,,,,,,,
"9412",,,,,3377,,,,,,,,,,,,
"9418",,,,,,,,,,,,2867,,,,,
"9422",2283,,,,,,,,,,,,,,,,
"9423",,,,,,,,,242,,,,,,,,
"9431",,,1011,,,,,,,,,,,,,,
"9435",,,1012,,,,,,,,,,,,,,
"9439",2284,,,,,,,,,,,,,,,,
"9455",,1627,,,,,,,,,,,,,,,
"9459",,,,,,2728,,3739,243,,,,,,,,
"9460",,,,,,,,,,,1103,,,,,,
"9462",2285,,,,,,,,,,,,,,,,
"9472",,1628,1013,,,,,,,,,,,,,,
"9474",,1629,1014,,,,,,,,,,,,,,
"9477",,,,2514,,,,,,,,,,,,,
"9483",,,,,,,,3740,,,,,,,,,
"9498",,,1015,,,,,,,,,,,,,,
"9500",,,,,3378,,,,,,,,,,,,
"9505",,,1016,,,,,,,,,,,,,,
"9508",,,,,3379,,,,,,,,,,,,
"9511",,,1017,,,,,,,,,,,,,,
"9516",,,1018,,,,,,,,,,,,,,
"9517",2286,,,,,,,,,,,,,,,,
"9519",,,,,,,,,244,,,,,,,,
"9520",,,,,,,,3741,,,,,,,,,
"9522",,,1019,,,,,,,,,,,,,,
"9523",,,,,,,,3742,,,,,,,,,
"9525",2287,,,,,,,,,,,,,,,,
"9532",,,1020,,,,,,,,,,,,,,
"9536",2288,,,,,,,,,,,,,,,,
"9539",2289,,,,3380,,,,,,,,,,,,
"9542",2290,,,,,,,,,,,,,,,,
"9546",,,,,,,,,,,,,3518,,,,
"9549",,,,,,,,3743,245,,,,,,,,
"9554",,,,,,,,3744,,,,,,,,,
"9556",,,1021,,,,,,,,,,,,,,
"9561",,,,,,,,,,,,,,,,2610,
"9563",,,,,,,,,,,,,3519,,,,
"9566",,,,,,,,,,,,,,3020,,,
"9571",,,1022,,,,,,,,,,,,,,
"9573",,1630,,,,,,,,,,,,,,,
"9577",,,,,,,,3745,246,,,,,,,,
"9583",,,1023,,,,,,,,,,,,,,
"9585",,,1024,,,,1156,,,,,,,,,,
"9588",,,,,,,,3746,247,,,,,,,,
"9603",,,1025,,,,,,,,,,,,,,
"9607",,,,2515,,2729,,,,,,,,,,,
"9608",2291,,,,,,,,,,,,,,,,
"9609",,,,,3381,2730,,3747,248,,,,,,,,
"9614",,,1026,,,,,,,,,,,,,,
"9618",2292,,,,,,,,,,,,,,,,
"9622",2293,,,,,,,,,,,,,,,,
"9623",2294,,,,,,,,,,,,,,,,
"9624",,,1027,,3382,,,3748,,,,,,,,,
"9627",,1631,,,,,,,,,,,,,,,
"9629",,,,,,,,,,,,,3520,,,,
"9630",,,,,,,,,,,,,,3021,,,
"9633",,,1028,2516,,,,,,,,,,,,,
"9635",2295,,,,,,,,,,,,,,,,
"9638",,,1029,,,,,,,,,,,,,,
"9643",2296,,,,,,,,,,,,,,,,
"9648",,,,,3383,,,,,,,,,,,,
"9654",,,,,,,,,,,,,3521,,,,
"9657",,,,,3384,,,,,,,,,,,,
"9659",,,1030,,,,,,,,,,,,,,
"9664",2297,,,2517,,,,,,,,,,,,,
"9665",,,,,3385,,,,,,,,,,,,
"9667",,,,,,,,3749,,,,,,,,,
"9669",,,1031,,,,,,,,,,,,,,
"9671",,1632,,,,,,3750,,,,,3522,,,,
"9673",2298,,,,,,,,,,1104,,,,,,
"9675",2299,,,,,,,,,,,,,,,,
"9676",2300,,,,,,,,,,,,,,,,
"9678",,,1032,,,,,,,,,,,,,,
"9680",,1633,,,,,,,,,,,,,,,
"9685",,1634,1033,,,,,,,,,,,,,,
"9689",,,,,,,,,249,,,,,,,,
"9690",,1635,,,,,,3751,250,,,,,,,,
"9692",2301,,,,3386,,,,,,,,,,,,
"9705",2302,,,,,,,,,,,,,,,,
"9712",2303,,,,,,,,,,,,,,,,
"9715",,,,,,2731,,,251,51,,2868,3523,,,,
"9716",,,1034,,,,,,,,,,,,,,
"9717",,1636,,,,,,,252,,,,,,,,
"9718",,,,2518,,2732,,,253,,,,,,,,
"9723",2304,,,,,,,,,,,,,,,,
"9726",,,1035,,,,,,,,,,,,,,
"9730",,,1036,,,,,,,,,,,,,,
"9731",2305,,,,,,,,254,,,,,,,,
"9736",2306,,,,,,,,,,,,,,,,
"9739",2307,,,,,,,,,,,,,,,,
"9757",2308,,,,,,,,,,,,,,,,
"9760",2309,,,,,,,,,,,,,,,,
"9762",2310,,,,,,,,,,,,,,,,
"9767",,,,,,,,3752,255,,,,,,,,
"9768",,,,,,,,,256,,,,,,,,
"9771",,1637,,,,,,,,,,,,,,,
"9772",,1638,,,,,,,,,,,,,,,
"9774",2311,,,,,,,,,,,,,,,,
"9775",,,,,,,,,,,,,,3022,,,
"9779",,,,2519,,,,,,,,,,,,,
"9791",,,1037,,,,,,,,,,,,,,
"9793",,,1038,,,,,,,,,,,,,,
"9799",2312,,,,,,,,,,,,,,,,
"9800",,,,,3387,,,,,,,,,,,,
"9803",,,,,,,,,,,,,,,,2611,
"9805",,,,,,2733,,,,,,,,,,,
"9806",,,,,,,,,,52,,,,,,,
"9807",,,,,,,,,,,,2869,,,,,
"9808",2313,,,,,,,,,,,,,,,,
"9809",,,1039,,,,,,,,,,,,,,
"9810",,,,,,,,3753,,,,,,,,,
"9811",2314,,,,,,,,,,,,,,,,
"9814",,,1040,,,,,,,,,,,,,,
"9817",2315,,,,,,,,,,,,,,,,
"9829",2316,,,,,,,,,,,,,,,,
"9830",,,,,,,,,,,,2870,,,,,
"9833",,,1041,,,,,,,,,,,,,,
"9839",2317,,,,3388,,,,,,,,,,,,
"9842",2318,,,,,,,,,,,,,,,,
"9845",,,,,,,,,,,,2871,,,,,
"9846",,,,,3389,,,,,,,,,,,,
"9855",,,1042,,,,,,,,,,,,,,
"9861",,,1043,,,,,,,,,,,,,,
"9868",,1639,,,,,,,,,,,,,,,
"9889",,,1044,,,,,,,,,,,,,,
"9891",,,1045,,,2734,,,,,,,,3023,,,
"9898",,,1046,,,,,,,,,,,,,,
"9900",2319,,,,,,,,,,,,,,,,
"9906",,,,2520,,,,,,,,,,,,,
"9908",,1640,,,,,,,,,,,,,,,
"9912",,1641,1047,,,,,,,,,,,,,,
"9913",,1642,,,,,,,,,,,,,,,
"9923",2320,,,,,,,,,,,,,,,,
"9931",,,,,,,,,,,,,,,,2612,
"9933",,,,,,2735,,,,,,,,,,,
"9937",,,1048,,,,,,,,,,,,,,
"9940",,,,2521,,,,,,,,,,,,,
"9942",,1643,,,,,,,,,,,,,,,
"9947",,,,2522,,,,,,,,,,,,,
"9965",,,1049,,,,,,,,,,,,,,
"9982",,,1050,,,2736,,,,,,,,,,,
